--
-- PostgreSQL database dump
--

\restrict 2xl3wYDRaCKtowo3oKInAtuy3VgXR1oHgRxMhpxFhBHBlSQGfDPdbUGNPA1ySHG

-- Dumped from database version 16.13 (Debian 16.13-1.pgdg13+1)
-- Dumped by pg_dump version 16.13 (Debian 16.13-1.pgdg13+1)

SET statement_timeout = 0;
SET lock_timeout = 0;
SET idle_in_transaction_session_timeout = 0;
SET client_encoding = 'UTF8';
SET standard_conforming_strings = on;
SELECT pg_catalog.set_config('search_path', '', false);
SET check_function_bodies = false;
SET xmloption = content;
SET client_min_messages = warning;
SET row_security = off;

SET default_tablespace = '';

SET default_table_access_method = heap;

--
-- Name: addresses; Type: TABLE; Schema: public; Owner: dbuser
--

CREATE TABLE public.addresses (
    id bigint NOT NULL,
    active boolean NOT NULL,
    latitude double precision NOT NULL,
    longitude double precision NOT NULL,
    name character varying(255) NOT NULL,
    reference character varying(255) NOT NULL,
    buyer_id bigint NOT NULL
);


ALTER TABLE public.addresses OWNER TO dbuser;

--
-- Name: addresses_seq; Type: SEQUENCE; Schema: public; Owner: dbuser
--

CREATE SEQUENCE public.addresses_seq
    START WITH 1
    INCREMENT BY 50
    NO MINVALUE
    NO MAXVALUE
    CACHE 1;


ALTER SEQUENCE public.addresses_seq OWNER TO dbuser;

--
-- Name: admins; Type: TABLE; Schema: public; Owner: dbuser
--

CREATE TABLE public.admins (
    created_at timestamp(6) without time zone NOT NULL,
    id bigint NOT NULL
);


ALTER TABLE public.admins OWNER TO dbuser;

--
-- Name: brands; Type: TABLE; Schema: public; Owner: dbuser
--

CREATE TABLE public.brands (
    id bigint NOT NULL,
    name character varying(255) NOT NULL
);


ALTER TABLE public.brands OWNER TO dbuser;

--
-- Name: brands_seq; Type: SEQUENCE; Schema: public; Owner: dbuser
--

CREATE SEQUENCE public.brands_seq
    START WITH 1
    INCREMENT BY 50
    NO MINVALUE
    NO MAXVALUE
    CACHE 1;


ALTER SEQUENCE public.brands_seq OWNER TO dbuser;

--
-- Name: buyer_images; Type: TABLE; Schema: public; Owner: dbuser
--

CREATE TABLE public.buyer_images (
    id bigint NOT NULL,
    url character varying(255) NOT NULL,
    buyer_id bigint NOT NULL
);


ALTER TABLE public.buyer_images OWNER TO dbuser;

--
-- Name: buyer_images_id_seq; Type: SEQUENCE; Schema: public; Owner: dbuser
--

ALTER TABLE public.buyer_images ALTER COLUMN id ADD GENERATED BY DEFAULT AS IDENTITY (
    SEQUENCE NAME public.buyer_images_id_seq
    START WITH 1
    INCREMENT BY 1
    NO MINVALUE
    NO MAXVALUE
    CACHE 1
);


--
-- Name: buyers; Type: TABLE; Schema: public; Owner: dbuser
--

CREATE TABLE public.buyers (
    email character varying(255) NOT NULL,
    id bigint NOT NULL
);


ALTER TABLE public.buyers OWNER TO dbuser;

--
-- Name: cards; Type: TABLE; Schema: public; Owner: dbuser
--

CREATE TABLE public.cards (
    id bigint NOT NULL,
    active boolean NOT NULL,
    due_date bytea NOT NULL,
    name character varying(255) NOT NULL,
    number character varying(255) NOT NULL,
    buyer_id bigint NOT NULL
);


ALTER TABLE public.cards OWNER TO dbuser;

--
-- Name: cards_id_seq; Type: SEQUENCE; Schema: public; Owner: dbuser
--

ALTER TABLE public.cards ALTER COLUMN id ADD GENERATED BY DEFAULT AS IDENTITY (
    SEQUENCE NAME public.cards_id_seq
    START WITH 1
    INCREMENT BY 1
    NO MINVALUE
    NO MAXVALUE
    CACHE 1
);


--
-- Name: categories; Type: TABLE; Schema: public; Owner: dbuser
--

CREATE TABLE public.categories (
    id bigint NOT NULL,
    name character varying(255) NOT NULL
);


ALTER TABLE public.categories OWNER TO dbuser;

--
-- Name: categories_seq; Type: SEQUENCE; Schema: public; Owner: dbuser
--

CREATE SEQUENCE public.categories_seq
    START WITH 1
    INCREMENT BY 50
    NO MINVALUE
    NO MAXVALUE
    CACHE 1;


ALTER SEQUENCE public.categories_seq OWNER TO dbuser;

--
-- Name: claims; Type: TABLE; Schema: public; Owner: dbuser
--

CREATE TABLE public.claims (
    id bigint NOT NULL,
    last_message character varying(255),
    last_message_sender character varying(255),
    last_modified timestamp(6) with time zone NOT NULL,
    admin_id bigint NOT NULL,
    buyer_id bigint NOT NULL,
    detail_id bigint NOT NULL,
    CONSTRAINT claims_last_message_sender_check CHECK (((last_message_sender)::text = ANY ((ARRAY['ADMIN'::character varying, 'BUYER'::character varying])::text[])))
);


ALTER TABLE public.claims OWNER TO dbuser;

--
-- Name: claims_id_seq; Type: SEQUENCE; Schema: public; Owner: dbuser
--

ALTER TABLE public.claims ALTER COLUMN id ADD GENERATED BY DEFAULT AS IDENTITY (
    SEQUENCE NAME public.claims_id_seq
    START WITH 1
    INCREMENT BY 1
    NO MINVALUE
    NO MAXVALUE
    CACHE 1
);


--
-- Name: details; Type: TABLE; Schema: public; Owner: dbuser
--

CREATE TABLE public.details (
    id bigint NOT NULL,
    quantity integer NOT NULL,
    total numeric(38,2) NOT NULL,
    order_id bigint NOT NULL,
    product_id bigint NOT NULL
);


ALTER TABLE public.details OWNER TO dbuser;

--
-- Name: details_id_seq; Type: SEQUENCE; Schema: public; Owner: dbuser
--

ALTER TABLE public.details ALTER COLUMN id ADD GENERATED BY DEFAULT AS IDENTITY (
    SEQUENCE NAME public.details_id_seq
    START WITH 1
    INCREMENT BY 1
    NO MINVALUE
    NO MAXVALUE
    CACHE 1
);


--
-- Name: messages; Type: TABLE; Schema: public; Owner: dbuser
--

CREATE TABLE public.messages (
    id bigint NOT NULL,
    content text NOT NULL,
    send_at timestamp(6) with time zone NOT NULL,
    claim_id bigint NOT NULL,
    sender_id bigint NOT NULL
);


ALTER TABLE public.messages OWNER TO dbuser;

--
-- Name: messages_id_seq; Type: SEQUENCE; Schema: public; Owner: dbuser
--

ALTER TABLE public.messages ALTER COLUMN id ADD GENERATED BY DEFAULT AS IDENTITY (
    SEQUENCE NAME public.messages_id_seq
    START WITH 1
    INCREMENT BY 1
    NO MINVALUE
    NO MAXVALUE
    CACHE 1
);


--
-- Name: orders; Type: TABLE; Schema: public; Owner: dbuser
--

CREATE TABLE public.orders (
    id bigint NOT NULL,
    order_at timestamp(6) without time zone NOT NULL,
    order_status character varying(255),
    shipping_status character varying(255),
    total_price numeric(38,2) NOT NULL,
    tracking_code character varying(255) NOT NULL,
    buyer_id bigint NOT NULL,
    CONSTRAINT orders_order_status_check CHECK (((order_status)::text = ANY ((ARRAY['PENDING'::character varying, 'PAID'::character varying, 'FAILED'::character varying, 'CANCELED'::character varying])::text[]))),
    CONSTRAINT orders_shipping_status_check CHECK (((shipping_status)::text = ANY ((ARRAY['IN_TRANSIT'::character varying, 'DELIVERED'::character varying])::text[])))
);


ALTER TABLE public.orders OWNER TO dbuser;

--
-- Name: orders_id_seq; Type: SEQUENCE; Schema: public; Owner: dbuser
--

ALTER TABLE public.orders ALTER COLUMN id ADD GENERATED BY DEFAULT AS IDENTITY (
    SEQUENCE NAME public.orders_id_seq
    START WITH 1
    INCREMENT BY 1
    NO MINVALUE
    NO MAXVALUE
    CACHE 1
);


--
-- Name: password_reset_tokens; Type: TABLE; Schema: public; Owner: dbuser
--

CREATE TABLE public.password_reset_tokens (
    id bigint NOT NULL,
    created_at timestamp(6) without time zone NOT NULL,
    expiration_date timestamp(6) without time zone NOT NULL,
    token_hash character varying(255) NOT NULL,
    used boolean NOT NULL,
    user_id bigint NOT NULL
);


ALTER TABLE public.password_reset_tokens OWNER TO dbuser;

--
-- Name: password_reset_tokens_seq; Type: SEQUENCE; Schema: public; Owner: dbuser
--

CREATE SEQUENCE public.password_reset_tokens_seq
    START WITH 1
    INCREMENT BY 50
    NO MINVALUE
    NO MAXVALUE
    CACHE 1;


ALTER SEQUENCE public.password_reset_tokens_seq OWNER TO dbuser;

--
-- Name: product_images; Type: TABLE; Schema: public; Owner: dbuser
--

CREATE TABLE public.product_images (
    id bigint NOT NULL,
    url character varying(255) NOT NULL,
    product_id bigint
);


ALTER TABLE public.product_images OWNER TO dbuser;

--
-- Name: product_images_seq; Type: SEQUENCE; Schema: public; Owner: dbuser
--

CREATE SEQUENCE public.product_images_seq
    START WITH 1
    INCREMENT BY 50
    NO MINVALUE
    NO MAXVALUE
    CACHE 1;


ALTER SEQUENCE public.product_images_seq OWNER TO dbuser;

--
-- Name: products; Type: TABLE; Schema: public; Owner: dbuser
--

CREATE TABLE public.products (
    id bigint NOT NULL,
    active boolean NOT NULL,
    created_at timestamp(6) without time zone NOT NULL,
    description text,
    name character varying(255) NOT NULL,
    price numeric(10,4) NOT NULL,
    rating double precision NOT NULL,
    review_count integer NOT NULL,
    share_code character varying(255) NOT NULL,
    sold_count integer NOT NULL,
    stock integer NOT NULL,
    brand_id bigint NOT NULL,
    category_id bigint NOT NULL,
    admin_id bigint NOT NULL,
    sub_category_id bigint NOT NULL,
    CONSTRAINT products_stock_check CHECK ((stock >= 0))
);


ALTER TABLE public.products OWNER TO dbuser;

--
-- Name: products_seq; Type: SEQUENCE; Schema: public; Owner: dbuser
--

CREATE SEQUENCE public.products_seq
    START WITH 1
    INCREMENT BY 50
    NO MINVALUE
    NO MAXVALUE
    CACHE 1;


ALTER SEQUENCE public.products_seq OWNER TO dbuser;

--
-- Name: review_images; Type: TABLE; Schema: public; Owner: dbuser
--

CREATE TABLE public.review_images (
    id bigint NOT NULL,
    url character varying(255) NOT NULL,
    review_id bigint
);


ALTER TABLE public.review_images OWNER TO dbuser;

--
-- Name: review_images_id_seq; Type: SEQUENCE; Schema: public; Owner: dbuser
--

ALTER TABLE public.review_images ALTER COLUMN id ADD GENERATED BY DEFAULT AS IDENTITY (
    SEQUENCE NAME public.review_images_id_seq
    START WITH 1
    INCREMENT BY 1
    NO MINVALUE
    NO MAXVALUE
    CACHE 1
);


--
-- Name: reviews; Type: TABLE; Schema: public; Owner: dbuser
--

CREATE TABLE public.reviews (
    id bigint NOT NULL,
    content text NOT NULL,
    created_at timestamp(6) without time zone NOT NULL,
    rating integer NOT NULL,
    buyer_id bigint NOT NULL,
    detail_id bigint NOT NULL,
    product_id bigint NOT NULL
);


ALTER TABLE public.reviews OWNER TO dbuser;

--
-- Name: reviews_id_seq; Type: SEQUENCE; Schema: public; Owner: dbuser
--

ALTER TABLE public.reviews ALTER COLUMN id ADD GENERATED BY DEFAULT AS IDENTITY (
    SEQUENCE NAME public.reviews_id_seq
    START WITH 1
    INCREMENT BY 1
    NO MINVALUE
    NO MAXVALUE
    CACHE 1
);


--
-- Name: roles; Type: TABLE; Schema: public; Owner: dbuser
--

CREATE TABLE public.roles (
    id bigint NOT NULL,
    role character varying(255),
    CONSTRAINT roles_role_check CHECK (((role)::text = ANY ((ARRAY['ADMIN'::character varying, 'BUYER'::character varying])::text[])))
);


ALTER TABLE public.roles OWNER TO dbuser;

--
-- Name: roles_seq; Type: SEQUENCE; Schema: public; Owner: dbuser
--

CREATE SEQUENCE public.roles_seq
    START WITH 1
    INCREMENT BY 50
    NO MINVALUE
    NO MAXVALUE
    CACHE 1;


ALTER SEQUENCE public.roles_seq OWNER TO dbuser;

--
-- Name: sub_categories; Type: TABLE; Schema: public; Owner: dbuser
--

CREATE TABLE public.sub_categories (
    id bigint NOT NULL,
    name character varying(255) NOT NULL,
    category_id bigint NOT NULL
);


ALTER TABLE public.sub_categories OWNER TO dbuser;

--
-- Name: sub_categories_seq; Type: SEQUENCE; Schema: public; Owner: dbuser
--

CREATE SEQUENCE public.sub_categories_seq
    START WITH 1
    INCREMENT BY 50
    NO MINVALUE
    NO MAXVALUE
    CACHE 1;


ALTER SEQUENCE public.sub_categories_seq OWNER TO dbuser;

--
-- Name: tracking_statuses; Type: TABLE; Schema: public; Owner: dbuser
--

CREATE TABLE public.tracking_statuses (
    id bigint NOT NULL,
    description character varying(255) NOT NULL,
    "timestamp" timestamp(6) with time zone NOT NULL,
    title character varying(255) NOT NULL,
    order_id bigint NOT NULL
);


ALTER TABLE public.tracking_statuses OWNER TO dbuser;

--
-- Name: tracking_statuses_id_seq; Type: SEQUENCE; Schema: public; Owner: dbuser
--

ALTER TABLE public.tracking_statuses ALTER COLUMN id ADD GENERATED BY DEFAULT AS IDENTITY (
    SEQUENCE NAME public.tracking_statuses_id_seq
    START WITH 1
    INCREMENT BY 1
    NO MINVALUE
    NO MAXVALUE
    CACHE 1
);


--
-- Name: users; Type: TABLE; Schema: public; Owner: dbuser
--

CREATE TABLE public.users (
    id bigint NOT NULL,
    dni_number character varying(255) NOT NULL,
    first_name character varying(255) NOT NULL,
    last_name character varying(255) NOT NULL,
    password character varying(255) NOT NULL,
    username character varying(255) NOT NULL,
    role_id bigint NOT NULL
);


ALTER TABLE public.users OWNER TO dbuser;

--
-- Name: users_seq; Type: SEQUENCE; Schema: public; Owner: dbuser
--

CREATE SEQUENCE public.users_seq
    START WITH 1
    INCREMENT BY 50
    NO MINVALUE
    NO MAXVALUE
    CACHE 1;


ALTER SEQUENCE public.users_seq OWNER TO dbuser;

--
-- Data for Name: addresses; Type: TABLE DATA; Schema: public; Owner: dbuser
--

COPY public.addresses (id, active, latitude, longitude, name, reference, buyer_id) FROM stdin;
\.


--
-- Data for Name: admins; Type: TABLE DATA; Schema: public; Owner: dbuser
--

COPY public.admins (created_at, id) FROM stdin;
2026-06-13 13:02:35.840185	1
2026-06-13 13:02:35.948077	2
2026-06-13 13:02:36.026501	3
2026-06-13 13:02:36.104269	4
2026-06-13 13:02:36.183737	5
2026-06-13 13:02:36.257889	6
2026-06-13 13:02:36.335644	7
2026-06-13 13:02:36.410538	8
2026-06-13 13:02:36.487268	9
2026-06-13 13:02:36.565395	10
\.


--
-- Data for Name: brands; Type: TABLE DATA; Schema: public; Owner: dbuser
--

COPY public.brands (id, name) FROM stdin;
1	dog chow
2	angies boutique
3	petstyle
4	walkmate
5	happypet
6	cozypaws
7	vetcare
8	petkitchen
9	safetravel pet
10	naturebites
11	nightpaw
12	sloweat pet
13	furclean
14	catpure
15	scratchy
16	playpet
17	vitapet
18	walkpro
19	homepaw
20	ecopet
21	controldog
22	dentapet
23	hydrapet
\.


--
-- Data for Name: buyer_images; Type: TABLE DATA; Schema: public; Owner: dbuser
--

COPY public.buyer_images (id, url, buyer_id) FROM stdin;
\.


--
-- Data for Name: buyers; Type: TABLE DATA; Schema: public; Owner: dbuser
--

COPY public.buyers (email, id) FROM stdin;
example1@gmail.com	11
example2@gmail.com	12
example3@gmail.com	13
example4@gmail.com	14
example5@gmail.com	15
example6@gmail.com	16
example7@gmail.com	17
example8@gmail.com	18
example9@gmail.com	19
example10@gmail.com	20
example11@gmail.com	21
example12@gmail.com	22
example13@gmail.com	23
example14@gmail.com	24
example15@gmail.com	25
\.


--
-- Data for Name: cards; Type: TABLE DATA; Schema: public; Owner: dbuser
--

COPY public.cards (id, active, due_date, name, number, buyer_id) FROM stdin;
\.


--
-- Data for Name: categories; Type: TABLE DATA; Schema: public; Owner: dbuser
--

COPY public.categories (id, name) FROM stdin;
1	alimentación
2	aseo
3	accesorios
4	juguetes
5	dormitorio
6	transporte
7	salud
8	descanso
\.


--
-- Data for Name: claims; Type: TABLE DATA; Schema: public; Owner: dbuser
--

COPY public.claims (id, last_message, last_message_sender, last_modified, admin_id, buyer_id, detail_id) FROM stdin;
1	\N	\N	2026-06-13 18:03:56.008645+00	3	11	1
2	\N	\N	2026-06-13 18:03:56.034625+00	7	11	2
3	\N	\N	2026-06-13 18:03:56.053222+00	6	11	3
4	\N	\N	2026-06-13 18:03:56.067719+00	4	11	4
5	\N	\N	2026-06-13 18:03:56.081392+00	8	11	5
6	\N	\N	2026-06-13 18:03:56.095772+00	4	11	6
7	\N	\N	2026-06-13 18:03:56.107358+00	3	11	7
8	\N	\N	2026-06-13 18:03:56.118134+00	7	11	8
9	\N	\N	2026-06-13 18:03:56.128878+00	8	11	9
12	\N	\N	2026-06-13 18:03:56.156817+00	2	11	12
13	\N	\N	2026-06-13 18:03:56.164918+00	3	11	13
14	\N	\N	2026-06-13 18:03:56.173173+00	2	11	14
15	\N	\N	2026-06-13 18:03:56.181312+00	5	11	15
16	\N	\N	2026-06-13 18:03:56.1898+00	9	11	16
18	\N	\N	2026-06-13 18:03:56.212401+00	4	12	18
19	\N	\N	2026-06-13 18:03:56.223846+00	6	12	19
20	\N	\N	2026-06-13 18:03:56.238064+00	10	12	20
21	\N	\N	2026-06-13 18:03:56.257306+00	3	12	21
22	\N	\N	2026-06-13 18:03:56.276767+00	9	12	22
24	\N	\N	2026-06-13 18:03:56.324081+00	4	12	24
25	\N	\N	2026-06-13 18:03:56.348188+00	7	12	25
26	\N	\N	2026-06-13 18:03:56.367051+00	1	12	26
27	\N	\N	2026-06-13 18:03:56.392577+00	8	12	27
28	\N	\N	2026-06-13 18:03:56.423539+00	1	12	28
29	\N	\N	2026-06-13 18:03:56.450137+00	10	12	29
30	\N	\N	2026-06-13 18:03:56.484631+00	5	12	30
31	\N	\N	2026-06-13 18:03:56.50792+00	7	12	31
32	\N	\N	2026-06-13 18:03:56.529904+00	1	12	32
33	\N	\N	2026-06-13 18:03:56.559633+00	10	12	33
34	\N	\N	2026-06-13 18:03:56.58294+00	6	12	34
35	\N	\N	2026-06-13 18:03:56.607324+00	4	12	35
36	\N	\N	2026-06-13 18:03:56.630291+00	7	12	36
37	\N	\N	2026-06-13 18:03:56.657491+00	9	12	37
38	\N	\N	2026-06-13 18:03:56.688832+00	9	12	38
39	\N	\N	2026-06-13 18:03:56.720794+00	10	12	39
40	\N	\N	2026-06-13 18:03:56.755381+00	10	12	40
41	\N	\N	2026-06-13 18:03:56.783686+00	7	12	41
42	\N	\N	2026-06-13 18:03:56.81278+00	4	12	42
43	\N	\N	2026-06-13 18:03:56.840592+00	5	12	43
44	\N	\N	2026-06-13 18:03:56.877534+00	6	12	44
45	\N	\N	2026-06-13 18:03:56.914362+00	4	13	45
46	\N	\N	2026-06-13 18:03:56.954941+00	6	13	46
48	\N	\N	2026-06-13 18:03:57.003947+00	8	13	48
49	\N	\N	2026-06-13 18:03:57.023166+00	8	13	49
50	\N	\N	2026-06-13 18:03:57.041396+00	8	13	50
51	\N	\N	2026-06-13 18:03:57.060301+00	7	13	51
52	\N	\N	2026-06-13 18:03:57.07745+00	7	13	52
53	\N	\N	2026-06-13 18:03:57.100562+00	3	13	53
54	\N	\N	2026-06-13 18:03:57.128983+00	4	14	54
55	\N	\N	2026-06-13 18:03:57.154441+00	3	14	55
56	\N	\N	2026-06-13 18:03:57.18407+00	4	14	56
57	\N	\N	2026-06-13 18:03:57.214804+00	2	14	57
58	\N	\N	2026-06-13 18:03:57.243453+00	8	14	58
59	\N	\N	2026-06-13 18:03:57.275242+00	10	14	59
60	\N	\N	2026-06-13 18:03:57.313753+00	8	14	60
61	\N	\N	2026-06-13 18:03:57.355032+00	6	14	61
62	\N	\N	2026-06-13 18:03:57.389243+00	3	14	62
63	\N	\N	2026-06-13 18:03:57.413808+00	4	14	63
64	\N	\N	2026-06-13 18:03:57.437939+00	10	14	64
65	\N	\N	2026-06-13 18:03:57.468341+00	2	14	65
66	\N	\N	2026-06-13 18:03:57.498042+00	5	14	66
67	\N	\N	2026-06-13 18:03:57.526227+00	10	14	67
68	\N	\N	2026-06-13 18:03:57.556577+00	1	14	68
69	\N	\N	2026-06-13 18:03:57.587525+00	1	14	69
70	\N	\N	2026-06-13 18:03:57.614415+00	10	14	70
71	\N	\N	2026-06-13 18:03:57.640738+00	2	14	71
72	\N	\N	2026-06-13 18:03:57.667474+00	5	14	72
73	\N	\N	2026-06-13 18:03:57.69589+00	6	14	73
74	\N	\N	2026-06-13 18:03:57.726433+00	7	14	74
75	\N	\N	2026-06-13 18:03:57.75745+00	6	14	75
76	\N	\N	2026-06-13 18:03:57.791442+00	3	14	76
77	\N	\N	2026-06-13 18:03:57.821595+00	4	14	77
78	\N	\N	2026-06-13 18:03:57.845932+00	7	14	78
79	\N	\N	2026-06-13 18:03:57.867864+00	5	14	79
80	\N	\N	2026-06-13 18:03:57.895237+00	5	14	80
81	\N	\N	2026-06-13 18:03:57.930151+00	9	14	81
82	\N	\N	2026-06-13 18:03:57.968385+00	4	14	82
83	\N	\N	2026-06-13 18:03:58.002359+00	3	14	83
84	\N	\N	2026-06-13 18:03:58.029864+00	4	15	84
85	\N	\N	2026-06-13 18:03:58.055829+00	1	15	85
86	\N	\N	2026-06-13 18:03:58.086235+00	2	15	86
87	\N	\N	2026-06-13 18:03:58.111175+00	6	15	87
88	\N	\N	2026-06-13 18:03:58.150084+00	5	15	88
89	\N	\N	2026-06-13 18:03:58.188166+00	1	15	89
90	\N	\N	2026-06-13 18:03:58.219947+00	7	15	90
91	\N	\N	2026-06-13 18:03:58.246411+00	8	15	91
92	\N	\N	2026-06-13 18:03:58.266977+00	6	15	92
93	\N	\N	2026-06-13 18:03:58.290712+00	3	15	93
94	\N	\N	2026-06-13 18:03:58.318371+00	7	15	94
95	\N	\N	2026-06-13 18:03:58.352122+00	7	15	95
96	\N	\N	2026-06-13 18:03:58.387689+00	4	15	96
97	\N	\N	2026-06-13 18:03:58.425655+00	8	15	97
98	\N	\N	2026-06-13 18:03:58.452283+00	4	15	98
99	\N	\N	2026-06-13 18:03:58.474945+00	5	15	99
100	\N	\N	2026-06-13 18:03:58.505263+00	7	15	100
101	\N	\N	2026-06-13 18:03:58.520977+00	8	16	101
102	\N	\N	2026-06-13 18:03:58.545913+00	10	16	102
103	\N	\N	2026-06-13 18:03:58.578407+00	9	16	103
104	\N	\N	2026-06-13 18:03:58.605153+00	10	16	104
105	\N	\N	2026-06-13 18:03:58.630734+00	2	16	105
106	\N	\N	2026-06-13 18:03:58.654763+00	1	16	106
107	\N	\N	2026-06-13 18:03:58.682445+00	2	16	107
108	\N	\N	2026-06-13 18:03:58.711422+00	3	16	108
109	\N	\N	2026-06-13 18:03:58.740607+00	5	16	109
110	\N	\N	2026-06-13 18:03:58.773399+00	6	16	110
111	\N	\N	2026-06-13 18:03:58.802859+00	3	16	111
112	\N	\N	2026-06-13 18:03:58.834387+00	9	16	112
113	\N	\N	2026-06-13 18:03:58.870245+00	2	16	113
114	\N	\N	2026-06-13 18:03:58.897065+00	9	16	114
115	\N	\N	2026-06-13 18:03:58.92201+00	10	16	115
116	\N	\N	2026-06-13 18:03:58.951489+00	6	16	116
117	\N	\N	2026-06-13 18:03:58.985635+00	3	16	117
118	\N	\N	2026-06-13 18:03:59.014691+00	3	16	118
119	\N	\N	2026-06-13 18:03:59.039551+00	1	16	119
120	\N	\N	2026-06-13 18:03:59.063643+00	4	16	120
23	Hola, mensaje nuevo 111	BUYER	2026-06-14 05:27:15.990848+00	1	12	23
47	Hola, mensaje nuevo 117	BUYER	2026-06-14 05:48:56.712451+00	1	13	47
121	\N	\N	2026-06-13 18:03:59.088296+00	3	16	121
122	\N	\N	2026-06-13 18:03:59.114824+00	6	16	122
123	\N	\N	2026-06-13 18:03:59.140131+00	9	17	123
124	\N	\N	2026-06-13 18:03:59.17114+00	10	17	124
125	\N	\N	2026-06-13 18:03:59.203778+00	6	17	125
126	\N	\N	2026-06-13 18:03:59.23582+00	4	17	126
127	\N	\N	2026-06-13 18:03:59.269089+00	3	17	127
128	\N	\N	2026-06-13 18:03:59.299142+00	1	17	128
129	\N	\N	2026-06-13 18:03:59.330101+00	9	17	129
130	\N	\N	2026-06-13 18:03:59.353268+00	1	18	130
131	\N	\N	2026-06-13 18:03:59.3804+00	1	18	131
132	\N	\N	2026-06-13 18:03:59.418094+00	1	18	132
133	\N	\N	2026-06-13 18:03:59.452812+00	1	18	133
134	\N	\N	2026-06-13 18:03:59.485911+00	4	18	134
135	\N	\N	2026-06-13 18:03:59.515303+00	7	18	135
136	\N	\N	2026-06-13 18:03:59.543817+00	3	18	136
137	\N	\N	2026-06-13 18:03:59.571929+00	3	18	137
138	\N	\N	2026-06-13 18:03:59.598694+00	2	18	138
139	\N	\N	2026-06-13 18:03:59.626427+00	6	18	139
140	\N	\N	2026-06-13 18:03:59.657066+00	8	18	140
141	\N	\N	2026-06-13 18:03:59.689491+00	8	19	141
142	\N	\N	2026-06-13 18:03:59.727388+00	3	19	142
143	\N	\N	2026-06-13 18:03:59.753016+00	4	19	143
144	\N	\N	2026-06-13 18:03:59.778402+00	5	19	144
145	\N	\N	2026-06-13 18:03:59.811272+00	9	19	145
146	\N	\N	2026-06-13 18:03:59.848833+00	10	19	146
147	\N	\N	2026-06-13 18:03:59.883982+00	1	19	147
148	\N	\N	2026-06-13 18:03:59.917342+00	5	19	148
149	\N	\N	2026-06-13 18:03:59.946316+00	4	19	149
150	\N	\N	2026-06-13 18:03:59.973639+00	2	19	150
151	\N	\N	2026-06-13 18:04:00.007286+00	5	19	151
152	\N	\N	2026-06-13 18:04:00.043422+00	8	19	152
153	\N	\N	2026-06-13 18:04:00.073054+00	9	20	153
154	\N	\N	2026-06-13 18:04:00.102338+00	7	20	154
155	\N	\N	2026-06-13 18:04:00.132671+00	1	20	155
156	\N	\N	2026-06-13 18:04:00.160836+00	6	20	156
157	\N	\N	2026-06-13 18:04:00.193707+00	4	20	157
158	\N	\N	2026-06-13 18:04:00.236412+00	4	20	158
159	\N	\N	2026-06-13 18:04:00.265629+00	6	20	159
160	\N	\N	2026-06-13 18:04:00.293494+00	10	20	160
161	\N	\N	2026-06-13 18:04:00.315895+00	8	20	161
162	\N	\N	2026-06-13 18:04:00.334267+00	3	20	162
163	\N	\N	2026-06-13 18:04:00.353215+00	1	20	163
164	\N	\N	2026-06-13 18:04:00.373317+00	1	20	164
165	\N	\N	2026-06-13 18:04:00.392798+00	2	20	165
166	\N	\N	2026-06-13 18:04:00.423505+00	6	20	166
167	\N	\N	2026-06-13 18:04:00.458985+00	4	20	167
168	\N	\N	2026-06-13 18:04:00.48398+00	10	20	168
169	\N	\N	2026-06-13 18:04:00.512278+00	8	20	169
170	\N	\N	2026-06-13 18:04:00.546819+00	9	20	170
171	\N	\N	2026-06-13 18:04:00.573157+00	3	20	171
172	\N	\N	2026-06-13 18:04:00.60329+00	2	20	172
173	\N	\N	2026-06-13 18:04:00.632697+00	5	20	173
174	\N	\N	2026-06-13 18:04:00.667074+00	8	20	174
175	\N	\N	2026-06-13 18:04:00.703105+00	7	20	175
176	\N	\N	2026-06-13 18:04:00.732137+00	1	20	176
177	\N	\N	2026-06-13 18:04:00.763819+00	7	20	177
178	\N	\N	2026-06-13 18:04:00.790895+00	1	20	178
179	\N	\N	2026-06-13 18:04:00.808895+00	6	20	179
180	\N	\N	2026-06-13 18:04:00.832232+00	9	20	180
181	\N	\N	2026-06-13 18:04:00.863763+00	6	20	181
182	\N	\N	2026-06-13 18:04:00.892555+00	5	21	182
183	\N	\N	2026-06-13 18:04:00.917076+00	1	21	183
184	\N	\N	2026-06-13 18:04:00.937577+00	3	21	184
185	\N	\N	2026-06-13 18:04:00.956165+00	3	21	185
186	\N	\N	2026-06-13 18:04:00.969495+00	6	21	186
187	\N	\N	2026-06-13 18:04:00.987619+00	8	21	187
188	\N	\N	2026-06-13 18:04:01.007538+00	2	21	188
189	\N	\N	2026-06-13 18:04:01.027853+00	4	21	189
190	\N	\N	2026-06-13 18:04:01.050883+00	1	21	190
191	\N	\N	2026-06-13 18:04:01.080829+00	7	21	191
192	\N	\N	2026-06-13 18:04:01.112659+00	3	22	192
194	\N	\N	2026-06-13 18:04:01.17069+00	9	22	194
195	\N	\N	2026-06-13 18:04:01.191844+00	8	22	195
196	\N	\N	2026-06-13 18:04:01.210892+00	2	22	196
197	\N	\N	2026-06-13 18:04:01.230961+00	10	22	197
198	\N	\N	2026-06-13 18:04:01.254279+00	8	22	198
199	\N	\N	2026-06-13 18:04:01.286085+00	2	22	199
200	\N	\N	2026-06-13 18:04:01.316042+00	8	22	200
201	\N	\N	2026-06-13 18:04:01.347087+00	4	22	201
202	\N	\N	2026-06-13 18:04:01.377839+00	6	22	202
203	\N	\N	2026-06-13 18:04:01.400954+00	6	22	203
204	\N	\N	2026-06-13 18:04:01.423011+00	7	22	204
205	\N	\N	2026-06-13 18:04:01.447165+00	5	22	205
206	\N	\N	2026-06-13 18:04:01.475027+00	7	22	206
207	\N	\N	2026-06-13 18:04:01.508088+00	1	22	207
208	\N	\N	2026-06-13 18:04:01.53866+00	5	22	208
209	\N	\N	2026-06-13 18:04:01.566365+00	9	22	209
210	\N	\N	2026-06-13 18:04:01.590176+00	7	22	210
211	\N	\N	2026-06-13 18:04:01.607031+00	4	22	211
212	\N	\N	2026-06-13 18:04:01.620883+00	9	23	212
213	\N	\N	2026-06-13 18:04:01.633024+00	1	23	213
214	\N	\N	2026-06-13 18:04:01.645478+00	5	23	214
215	\N	\N	2026-06-13 18:04:01.657602+00	5	23	215
217	\N	\N	2026-06-13 18:04:01.686411+00	4	23	217
218	\N	\N	2026-06-13 18:04:01.702118+00	6	23	218
219	\N	\N	2026-06-13 18:04:01.717406+00	7	24	219
220	\N	\N	2026-06-13 18:04:01.732702+00	9	24	220
221	\N	\N	2026-06-13 18:04:01.747013+00	2	24	221
222	\N	\N	2026-06-13 18:04:01.762088+00	5	24	222
223	\N	\N	2026-06-13 18:04:01.776187+00	8	24	223
224	\N	\N	2026-06-13 18:04:01.787258+00	1	24	224
225	\N	\N	2026-06-13 18:04:01.796426+00	9	24	225
226	\N	\N	2026-06-13 18:04:01.806432+00	3	24	226
227	\N	\N	2026-06-13 18:04:01.816293+00	2	24	227
228	\N	\N	2026-06-13 18:04:01.825908+00	10	25	228
229	\N	\N	2026-06-13 18:04:01.835945+00	5	25	229
230	\N	\N	2026-06-13 18:04:01.846711+00	4	25	230
231	\N	\N	2026-06-13 18:04:01.859451+00	2	25	231
232	\N	\N	2026-06-13 18:04:01.879557+00	9	25	232
233	\N	\N	2026-06-13 18:04:01.906014+00	5	25	233
234	\N	\N	2026-06-13 18:04:01.927255+00	8	25	234
235	\N	\N	2026-06-13 18:04:01.951923+00	8	25	235
236	\N	\N	2026-06-13 18:04:01.973586+00	2	25	236
237	\N	\N	2026-06-13 18:04:01.994883+00	3	25	237
238	\N	\N	2026-06-13 18:04:02.017846+00	4	25	238
239	\N	\N	2026-06-13 18:04:02.040059+00	5	25	239
193	Hola, mensaje nuevo 116	BUYER	2026-06-14 05:47:51.211419+00	1	22	193
241	\N	\N	2026-06-13 18:04:02.071333+00	7	25	241
243	\N	\N	2026-06-13 18:04:02.111184+00	2	25	243
244	\N	\N	2026-06-13 18:04:02.134249+00	2	25	244
245	\N	\N	2026-06-13 18:04:02.156953+00	5	25	245
246	\N	\N	2026-06-13 18:04:02.183351+00	2	25	246
249	\N	\N	2026-06-13 18:04:02.259567+00	6	25	249
250	\N	\N	2026-06-13 18:04:02.284641+00	3	25	250
248	Hola, mensaje nuevo 109	BUYER	2026-06-14 05:24:07.964404+00	1	25	248
247	\N	\N	2026-06-13 18:04:02.207307+00	10	25	247
216	Hola, mensaje nuevo 12	ADMIN	2026-06-13 18:04:01.66797+00	1	23	216
242	Hola, mensaje nuevo 99	BUYER	2026-06-14 04:41:45.664875+00	1	25	242
240	Hola, mensaje nuevo 101	BUYER	2026-06-14 04:42:18.0528+00	1	25	240
11	Hola, mensaje nuevo 109	BUYER	2026-06-14 05:26:11.021142+00	1	11	11
10	Hola, mensaje nuevo 111	BUYER	2026-06-14 05:27:23.411661+00	1	11	10
17	Hola, mensaje nuevo 114	BUYER	2026-06-14 05:43:31.238956+00	10	12	17
\.


--
-- Data for Name: details; Type: TABLE DATA; Schema: public; Owner: dbuser
--

COPY public.details (id, quantity, total, order_id, product_id) FROM stdin;
1	1	4.00	1	20
2	3	105.00	1	9
3	3	33.00	1	15
4	3	42.00	2	17
5	3	18.00	2	22
6	2	12.00	2	13
7	3	36.00	3	14
8	3	33.00	3	15
9	3	84.00	4	19
10	1	9.00	4	11
11	3	21.00	5	12
12	1	14.00	6	17
13	2	12.00	6	5
14	3	105.00	6	9
15	1	10.00	7	1
16	2	10.00	7	10
17	2	26.00	8	18
18	1	12.00	8	8
19	2	12.00	8	13
20	2	56.00	9	19
21	2	18.00	9	7
22	3	27.00	9	11
23	1	25.00	10	6
24	2	30.00	11	4
25	3	30.00	12	2
26	2	22.00	13	21
27	1	12.00	13	8
28	2	12.00	14	5
29	3	27.00	14	7
30	2	8.00	15	20
31	2	20.00	16	2
32	2	8.00	17	20
33	2	10.00	18	10
34	3	18.00	18	13
35	3	24.00	19	3
36	1	28.00	19	19
37	2	24.00	19	8
38	3	84.00	20	19
39	2	24.00	20	14
40	3	39.00	21	18
41	2	12.00	21	22
42	1	5.00	22	16
43	1	11.00	22	21
44	2	12.00	22	5
45	3	33.00	23	21
46	3	105.00	23	9
47	3	36.00	23	14
48	1	7.00	24	12
49	3	42.00	25	17
50	2	16.00	25	3
51	1	25.00	25	6
52	2	10.00	26	10
53	2	10.00	27	16
54	3	18.00	28	5
55	2	16.00	29	3
56	2	18.00	29	7
57	1	11.00	30	21
58	2	50.00	30	6
59	1	12.00	30	8
60	1	5.00	31	16
61	1	8.00	31	3
62	3	30.00	32	1
63	1	14.00	32	17
64	1	22.00	32	23
65	1	10.00	33	1
66	3	42.00	33	17
67	1	10.00	34	2
68	3	15.00	34	10
69	2	24.00	35	14
70	2	20.00	36	2
71	1	4.00	36	20
72	1	6.00	36	13
73	1	12.00	37	14
74	3	15.00	38	16
75	2	28.00	38	17
76	2	30.00	38	4
77	2	16.00	39	3
78	2	30.00	39	4
79	3	30.00	40	2
80	3	39.00	41	18
81	3	45.00	41	4
82	1	11.00	41	21
83	2	12.00	42	13
84	1	25.00	43	6
85	3	36.00	43	14
86	2	28.00	44	17
87	1	13.00	44	18
88	3	36.00	44	8
89	1	4.00	45	20
90	1	14.00	46	17
91	1	13.00	46	18
92	3	36.00	46	8
93	3	18.00	47	22
94	1	8.00	48	3
95	1	11.00	48	21
96	1	5.00	48	10
97	3	27.00	49	11
98	3	15.00	50	16
99	2	22.00	51	21
100	2	50.00	51	6
101	3	21.00	52	12
102	3	33.00	53	21
103	2	44.00	53	23
104	1	5.00	54	16
105	2	28.00	54	17
106	2	18.00	54	11
107	1	10.00	55	1
108	2	70.00	56	9
109	1	6.00	56	13
110	1	10.00	57	1
111	3	45.00	57	4
112	3	30.00	58	1
113	2	10.00	58	10
114	3	33.00	58	15
115	1	15.00	59	4
116	3	84.00	60	19
117	2	16.00	60	3
118	1	6.00	60	22
119	1	22.00	61	23
120	3	30.00	62	1
121	2	18.00	63	7
122	3	18.00	64	13
123	1	11.00	65	21
124	1	12.00	65	8
125	1	5.00	66	10
126	1	10.00	67	2
127	2	10.00	68	10
128	1	9.00	68	11
129	1	4.00	69	20
130	2	20.00	70	2
131	2	16.00	70	3
132	2	50.00	70	6
133	1	6.00	71	22
134	3	27.00	71	7
135	2	10.00	72	10
136	2	24.00	72	14
137	3	84.00	73	19
138	3	24.00	74	3
139	1	11.00	75	21
140	3	18.00	75	5
141	3	45.00	76	4
142	1	9.00	76	11
143	2	24.00	76	14
144	2	14.00	77	12
145	1	25.00	78	6
146	2	70.00	78	9
147	1	9.00	78	11
148	1	4.00	79	20
149	3	27.00	80	11
150	1	6.00	81	5
151	1	9.00	82	7
152	2	12.00	82	13
153	1	15.00	83	4
154	1	6.00	83	22
155	3	21.00	83	12
156	2	12.00	84	22
157	3	18.00	84	13
158	2	24.00	84	14
159	3	42.00	85	17
160	3	45.00	85	4
161	2	70.00	85	9
162	1	12.00	86	14
163	2	28.00	87	17
164	3	39.00	87	18
165	3	21.00	87	12
166	1	10.00	88	1
167	3	66.00	88	23
168	2	10.00	89	10
169	1	11.00	89	15
170	2	16.00	90	3
171	3	39.00	91	18
172	3	84.00	91	19
173	1	7.00	91	12
174	2	20.00	92	1
175	3	84.00	92	19
176	1	22.00	93	23
177	2	28.00	94	17
178	2	20.00	95	1
179	3	12.00	96	20
180	2	70.00	96	9
181	3	15.00	96	10
182	3	30.00	97	1
183	1	35.00	97	9
184	1	28.00	98	19
185	3	36.00	99	8
186	2	30.00	100	4
187	2	22.00	101	21
188	2	18.00	101	7
189	1	10.00	102	2
190	1	12.00	103	14
191	3	27.00	104	7
192	3	15.00	105	16
193	2	56.00	105	19
194	3	45.00	106	4
195	3	18.00	107	5
196	3	24.00	108	3
197	1	25.00	108	6
198	3	12.00	109	20
199	3	75.00	109	6
200	1	12.00	109	14
201	3	18.00	110	5
202	3	27.00	110	11
203	2	24.00	110	14
204	2	44.00	111	23
205	2	20.00	112	1
206	2	12.00	112	13
207	2	20.00	113	2
208	3	105.00	113	9
209	1	9.00	113	11
210	1	9.00	114	11
211	2	70.00	115	9
212	2	24.00	116	14
213	1	11.00	117	15
214	3	21.00	118	12
215	1	28.00	119	19
216	2	8.00	119	20
217	3	105.00	119	9
218	3	18.00	120	5
219	3	75.00	121	6
220	2	10.00	122	16
221	2	24.00	122	8
222	1	13.00	123	18
223	3	33.00	124	21
224	2	12.00	124	22
225	2	24.00	124	8
226	2	8.00	125	20
227	1	25.00	125	6
228	1	22.00	126	23
229	1	14.00	127	17
230	2	8.00	128	20
231	1	11.00	128	21
232	3	18.00	128	13
233	3	42.00	129	17
234	1	11.00	130	21
235	1	4.00	131	20
236	3	15.00	131	10
237	1	22.00	132	23
238	1	28.00	133	19
239	3	18.00	133	5
240	2	20.00	134	1
241	2	30.00	135	4
242	2	10.00	135	10
243	2	12.00	135	13
244	3	15.00	136	10
245	2	12.00	137	5
246	2	16.00	138	3
247	2	30.00	138	4
248	2	22.00	138	21
249	2	30.00	139	4
250	1	11.00	139	21
\.


--
-- Data for Name: messages; Type: TABLE DATA; Schema: public; Owner: dbuser
--

COPY public.messages (id, content, send_at, claim_id, sender_id) FROM stdin;
1	Hola, mensaje nuevo 1	2026-06-13 20:58:22.200371+00	248	1
6	Hola, mensaje nuevo 5	2026-06-13 21:08:32.348791+00	248	1
7	Hola, mensaje nuevo 7	2026-06-13 21:08:42.436073+00	248	1
40	Hola, mensaje nuevo 40	2026-06-13 21:23:29.711066+00	248	1
68	Hola, mensaje nuevo 68	2026-06-13 21:23:50.67881+00	248	1
28	Hola, mensaje nuevo 28	2026-06-13 21:19:37.832816+00	248	1
69	Hola, mensaje nuevo 69	2026-06-13 21:23:51.346722+00	248	1
31	Hola, mensaje nuevo 31	2026-06-13 21:23:24.586536+00	248	1
50	Hola, mensaje nuevo 50	2026-06-13 21:23:36.49096+00	248	1
57	Hola, mensaje nuevo 57	2026-06-13 21:23:42.478346+00	248	1
20	Hola, mensaje nuevo 20	2026-06-13 21:16:48.26383+00	248	1
49	Hola, mensaje nuevo 49	2026-06-13 21:23:35.819727+00	248	1
38	Hola, mensaje nuevo 38	2026-06-13 21:23:28.60072+00	248	1
59	Hola, mensaje nuevo 59	2026-06-13 21:23:44.434028+00	248	1
46	Hola, mensaje nuevo 46	2026-06-13 21:23:33.607842+00	248	1
27	Hola, mensaje nuevo 27	2026-06-13 21:19:35.415421+00	248	1
56	Hola, mensaje nuevo 56	2026-06-13 21:23:41.753486+00	248	1
4	Hola, mensaje nuevo 4	2026-06-13 21:02:28.79114+00	248	1
26	Hola, mensaje nuevo 26	2026-06-13 21:16:52.163107+00	248	1
61	Hola, mensaje nuevo 61	2026-06-13 21:23:45.865353+00	248	1
64	Hola, mensaje nuevo 64	2026-06-13 21:23:48.06347+00	248	1
23	Hola, mensaje nuevo 23	2026-06-13 21:18:02.201763+00	248	1
21	Hola, mensaje nuevo 21	2026-06-13 21:16:52.163107+00	248	1
10	Hola, mensaje nuevo 10	2026-06-13 21:08:57.863008+00	242	1
45	Hola, mensaje nuevo 45	2026-06-13 21:23:32.869941+00	248	1
42	Hola, mensaje nuevo 42	2026-06-13 21:23:31.060269+00	248	1
33	Hola, mensaje nuevo 33	2026-06-13 21:23:25.895886+00	248	1
72	Hola, mensaje nuevo 72	2026-06-13 21:23:53.025968+00	248	1
48	Hola, mensaje nuevo 48	2026-06-13 21:23:35.127103+00	248	1
13	Hola, mensaje nuevo 13	2026-06-13 21:09:37.709793+00	216	1
3	Hola, mensaje nuevo 3	2026-06-13 21:00:56.382941+00	248	1
51	Hola, mensaje nuevo 51	2026-06-13 21:23:37.160643+00	248	1
65	Hola, mensaje nuevo 65	2026-06-13 21:23:48.72761+00	248	1
16	Hola, mensaje nuevo 16	2026-06-13 21:09:46.326966+00	248	1
44	Hola, mensaje nuevo 44	2026-06-13 21:23:32.277644+00	248	1
58	Hola, mensaje nuevo 58	2026-06-13 21:23:42.478346+00	248	1
22	Hola, mensaje nuevo 22	2026-06-13 21:16:52.163107+00	248	1
36	Hola, mensaje nuevo 36	2026-06-13 21:23:27.418768+00	248	1
19	Hola, mensaje nuevo 19	2026-06-13 21:09:47.477013+00	248	1
5	Hola, mensaje nuevo 5	2026-06-13 21:05:26.560775+00	248	1
62	Hola, mensaje nuevo 62	2026-06-13 21:23:46.561055+00	248	1
14	Hola, mensaje nuevo 14	2026-06-13 21:09:37.709793+00	248	1
67	Hola, mensaje nuevo 67	2026-06-13 21:23:50.091166+00	248	1
29	Hola, mensaje nuevo 29	2026-06-13 21:18:09.672724+00	248	1
71	Hola, mensaje nuevo 71	2026-06-13 21:23:52.483826+00	248	1
70	Hola, mensaje nuevo 70	2026-06-13 21:23:51.897917+00	248	1
8	Hola, mensaje nuevo 8	2026-06-13 21:08:48.158856+00	248	1
12	Hola, mensaje nuevo 12	2026-06-13 21:09:32.729116+00	242	1
66	Hola, mensaje nuevo 66	2026-06-13 21:23:49.344+00	248	1
63	Hola, mensaje nuevo 63	2026-06-13 21:23:47.309288+00	248	1
9	Hola, mensaje nuevo 9	2026-06-13 21:08:54.049593+00	242	1
60	Hola, mensaje nuevo 60	2026-06-13 21:23:45.178917+00	248	1
53	Hola, mensaje nuevo 53	2026-06-13 21:23:38.31+00	248	1
15	Hola, mensaje nuevo 15	2026-06-13 21:09:45.81061+00	248	1
32	Hola, mensaje nuevo 32	2026-06-13 21:23:25.257147+00	248	1
37	Hola, mensaje nuevo 37	2026-06-13 21:23:28.018354+00	248	1
55	Hola, mensaje nuevo 55	2026-06-13 21:23:39.710214+00	248	1
52	Hola, mensaje nuevo 52	2026-06-13 21:23:37.70139+00	248	1
18	Hola, mensaje nuevo 18	2026-06-13 21:09:47.477013+00	248	1
34	Hola, mensaje nuevo 34	2026-06-13 21:23:26.46074+00	248	1
25	Hola, mensaje nuevo 25	2026-06-13 21:18:09.672724+00	248	1
47	Hola, mensaje nuevo 47	2026-06-13 21:23:34.361458+00	248	1
24	Hola, mensaje nuevo 24	2026-06-13 21:18:06.033204+00	248	1
73	Hola, mensaje nuevo 73	2026-06-13 21:23:53.57508+00	248	1
11	Hola, mensaje nuevo 11	2026-06-13 21:09:28.8409+00	242	1
35	Hola, mensaje nuevo 35	2026-06-13 21:23:26.993485+00	248	1
41	Hola, mensaje nuevo 41	2026-06-13 21:23:30.20994+00	248	1
2	Hola, mensaje nuevo 2	2026-06-13 20:58:43.284132+00	248	1
30	Hola, mensaje nuevo 30	2026-06-13 21:23:22.697924+00	248	1
54	Hola, mensaje nuevo 54	2026-06-13 21:23:39.024732+00	248	1
43	Hola, mensaje nuevo 43	2026-06-13 21:23:31.657848+00	248	1
39	Hola, mensaje nuevo 39	2026-06-13 21:23:29.216316+00	248	1
17	Hola, mensaje nuevo 17	2026-06-13 21:09:46.326966+00	248	1
74	Hola, mensaje nuevo 74	2026-06-14 01:14:23.522886+00	248	1
75	Hola, mensaje nuevo 75	2026-06-14 01:15:10.019767+00	248	1
76	Hola, mensaje nuevo 76	2026-06-14 01:17:12.700834+00	248	1
77	Hola, mensaje nuevo 77	2026-06-14 01:27:01.551025+00	248	1
78	Hola, mensaje nuevo 78	2026-06-14 01:28:28.624854+00	248	1
79	Hola, mensaje nuevo 79	2026-06-14 01:28:34.070588+00	248	1
80	Hola, mensaje nuevo 80	2026-06-14 01:28:51.374535+00	248	1
81	Hola, mensaje nuevo 81	2026-06-14 01:32:05.816401+00	248	1
82	Hola, mensaje nuevo 82	2026-06-14 01:35:58.667259+00	248	1
83	Hola, mensaje nuevo 83	2026-06-14 04:02:00.001513+00	248	25
84	Hola, mensaje nuevo 84	2026-06-14 04:02:18.917327+00	248	25
85	Hola, mensaje nuevo 85	2026-06-14 04:03:21.594411+00	248	25
86	Hola, mensaje nuevo 86	2026-06-14 04:04:34.385185+00	248	25
87	Hola, mensaje nuevo 87	2026-06-14 04:08:27.489593+00	248	25
88	Hola, mensaje nuevo 88	2026-06-14 04:08:42.514352+00	248	25
89	Hola, mensaje nuevo 89	2026-06-14 04:09:19.602949+00	248	25
90	Hola, mensaje nuevo 90	2026-06-14 04:27:43.426269+00	248	25
91	Hola, mensaje nuevo 91	2026-06-14 04:30:48.332614+00	248	25
92	Hola, mensaje nuevo 92	2026-06-14 04:31:38.819189+00	248	25
93	Hola, mensaje nuevo 93	2026-06-14 04:32:29.375176+00	242	25
94	Hola, mensaje nuevo 93	2026-06-14 04:35:00.592294+00	240	25
95	Hola, mensaje nuevo 95	2026-06-14 04:36:39.727449+00	240	25
96	Hola, mensaje nuevo 96	2026-06-14 04:38:15.164468+00	242	25
97	Hola, mensaje nuevo 97	2026-06-14 04:41:17.413947+00	242	25
98	Hola, mensaje nuevo 98	2026-06-14 04:41:36.211154+00	242	25
99	Hola, mensaje nuevo 99	2026-06-14 04:41:45.66521+00	242	25
100	Hola, mensaje nuevo 100	2026-06-14 04:41:56.033022+00	248	25
101	Hola, mensaje nuevo 101	2026-06-14 04:42:18.053487+00	240	25
102	Hola, mensaje nuevo 101	2026-06-14 04:45:26.210746+00	10	21
103	Hola, mensaje nuevo 103	2026-06-14 05:18:59.56092+00	10	21
104	Hola, mensaje nuevo 104	2026-06-14 05:19:26.981811+00	10	21
105	Hola, mensaje nuevo 105	2026-06-14 05:19:41.174666+00	10	21
106	Hola, mensaje nuevo 106	2026-06-14 05:21:44.495294+00	10	21
107	Hola, mensaje nuevo 107	2026-06-14 05:21:58.509621+00	10	21
108	Hola, mensaje nuevo 108	2026-06-14 05:23:55.625218+00	10	21
109	Hola, mensaje nuevo 109	2026-06-14 05:24:07.964976+00	248	21
111	Hola, mensaje nuevo 111	2026-06-14 05:27:15.991296+00	23	22
110	Hola, mensaje nuevo 110	2026-06-14 05:26:11.021779+00	11	21
112	Hola, mensaje nuevo 112	2026-06-14 05:27:23.41189+00	10	22
113	Hola, mensaje nuevo 113	2026-06-14 05:42:02.284941+00	17	12
114	Hola, mensaje nuevo 114	2026-06-14 05:43:31.239538+00	17	12
115	Hola, mensaje nuevo 115	2026-06-14 05:46:36.458034+00	193	22
116	Hola, mensaje nuevo 116	2026-06-14 05:47:51.212063+00	193	22
117	Hola, mensaje nuevo 117	2026-06-14 05:48:56.713434+00	47	13
\.


--
-- Data for Name: orders; Type: TABLE DATA; Schema: public; Owner: dbuser
--

COPY public.orders (id, order_at, order_status, shipping_status, total_price, tracking_code, buyer_id) FROM stdin;
1	2026-06-13 13:03:52.784704	PAID	IN_TRANSIT	142.00	khq0ko4mbj5qv6x6	11
2	2026-06-13 13:03:52.816579	PAID	IN_TRANSIT	72.00	gnj43z4t6o5gpoax	11
3	2026-06-13 13:03:52.837652	PAID	IN_TRANSIT	69.00	i979l8mzf66v4it5	11
4	2026-06-13 13:03:52.856073	PAID	IN_TRANSIT	93.00	kj2u1u87vg3du8ds	11
5	2026-06-13 13:03:52.873432	PAID	IN_TRANSIT	21.00	yh15329tgltxr5zt	11
6	2026-06-13 13:03:52.89192	PAID	IN_TRANSIT	131.00	sqdq9bsm4dhdjs15	11
7	2026-06-13 13:03:52.913676	PAID	IN_TRANSIT	20.00	0jfayi1f29mnplhc	11
8	2026-06-13 13:03:52.931376	PAID	IN_TRANSIT	50.00	wqing44tdbtx9e3x	12
9	2026-06-13 13:03:52.955645	PAID	IN_TRANSIT	101.00	g70nxxaxz8v2grtl	12
10	2026-06-13 13:03:52.980639	PAID	IN_TRANSIT	25.00	o82n4cdrheahzixw	12
11	2026-06-13 13:03:52.998131	PAID	IN_TRANSIT	30.00	mo3g5b3hvsuy6sil	12
12	2026-06-13 13:03:53.014342	PAID	IN_TRANSIT	30.00	jubb4zoa6fnf9q2i	12
13	2026-06-13 13:03:53.03158	PAID	IN_TRANSIT	34.00	nytn93fjwkicve56	12
14	2026-06-13 13:03:53.051657	PAID	IN_TRANSIT	39.00	l62vujwpsw78hgpm	12
15	2026-06-13 13:03:53.073331	PAID	IN_TRANSIT	8.00	4o6d31ywkxll4bo2	12
16	2026-06-13 13:03:53.093911	PAID	IN_TRANSIT	20.00	r96yhial22tqlrq7	12
17	2026-06-13 13:03:53.129671	PAID	IN_TRANSIT	8.00	arx2yjeqvtlllveb	12
18	2026-06-13 13:03:53.156292	PAID	IN_TRANSIT	28.00	rpntedhka0ne6c73	12
19	2026-06-13 13:03:53.196428	PAID	IN_TRANSIT	76.00	0mmqnati0rtu06iw	12
20	2026-06-13 13:03:53.22128	PAID	IN_TRANSIT	108.00	elh4e2lz4sbjzzvf	12
21	2026-06-13 13:03:53.254447	PAID	IN_TRANSIT	51.00	ci9oqoq2gje7wbbi	12
22	2026-06-13 13:03:53.272117	PAID	IN_TRANSIT	28.00	iq5gm8tiu3lw56kr	12
23	2026-06-13 13:03:53.290002	PAID	IN_TRANSIT	174.00	nhps6s55xk4zx48x	13
24	2026-06-13 13:03:53.314331	PAID	IN_TRANSIT	7.00	mgnz0si4wppwd1z7	13
25	2026-06-13 13:03:53.333628	PAID	IN_TRANSIT	83.00	ao6xp47kps6sbhe8	13
26	2026-06-13 13:03:53.353785	PAID	IN_TRANSIT	10.00	jlvijxbr1f3jg005	13
27	2026-06-13 13:03:53.37366	PAID	IN_TRANSIT	10.00	gso3yd56gcihv6d4	13
28	2026-06-13 13:03:53.391433	PAID	IN_TRANSIT	18.00	ux4keocfytm8apxh	14
29	2026-06-13 13:03:53.404603	PAID	IN_TRANSIT	34.00	ytbh1rm4gwy5cdub	14
30	2026-06-13 13:03:53.417986	PAID	IN_TRANSIT	73.00	8165o21liar59ig8	14
31	2026-06-13 13:03:53.432152	PAID	IN_TRANSIT	13.00	5zy8afmcwecnoedw	14
32	2026-06-13 13:03:53.448082	PAID	IN_TRANSIT	66.00	7i9s39a2bumzn5ev	14
33	2026-06-13 13:03:53.463337	PAID	IN_TRANSIT	52.00	oemtxmj33jumk9cy	14
34	2026-06-13 13:03:53.477862	PAID	IN_TRANSIT	25.00	cu5b9lfwwgrtl6vw	14
35	2026-06-13 13:03:53.493164	PAID	IN_TRANSIT	24.00	dnfrkzqskfe1ggvd	14
36	2026-06-13 13:03:53.511658	PAID	IN_TRANSIT	30.00	e4v4yqryu6pjzmp3	14
37	2026-06-13 13:03:53.532302	PAID	IN_TRANSIT	12.00	tz0vqxepekjfk9g1	14
38	2026-06-13 13:03:53.549414	PAID	IN_TRANSIT	73.00	mtejfhr8b895abfl	14
39	2026-06-13 13:03:53.571228	PAID	IN_TRANSIT	46.00	0o5iilf73a3as889	14
40	2026-06-13 13:03:53.589143	PAID	IN_TRANSIT	30.00	wpnb2h2lhx7kq5ft	14
41	2026-06-13 13:03:53.608076	PAID	IN_TRANSIT	95.00	whjifu3vmsrtpcfe	14
42	2026-06-13 13:03:53.631631	PAID	IN_TRANSIT	12.00	q7nkbb8grtojad7f	14
43	2026-06-13 13:03:53.652367	PAID	IN_TRANSIT	61.00	avbxljy0a00yh0uj	15
44	2026-06-13 13:03:53.673192	PAID	IN_TRANSIT	77.00	ofo33opy2815refi	15
45	2026-06-13 13:03:53.698614	PAID	IN_TRANSIT	4.00	06fwjrqanqma8o2s	15
46	2026-06-13 13:03:53.73135	PAID	IN_TRANSIT	63.00	gmg2nz342ie1xn1r	15
47	2026-06-13 13:03:53.764491	PAID	IN_TRANSIT	18.00	ucfaov29gz2o8776	15
48	2026-06-13 13:03:53.784913	PAID	IN_TRANSIT	24.00	m8vr9kbkkit315n4	15
49	2026-06-13 13:03:53.815965	PAID	IN_TRANSIT	27.00	tpwatpeseh3l3qdm	15
50	2026-06-13 13:03:53.832924	PAID	IN_TRANSIT	15.00	ebzpptwecknbp2eb	15
51	2026-06-13 13:03:53.860172	PAID	IN_TRANSIT	72.00	dnhtj9dhys2fw5x7	15
52	2026-06-13 13:03:53.886616	PAID	IN_TRANSIT	21.00	3qk3vrjdvnnrfjgt	16
53	2026-06-13 13:03:53.913313	PAID	IN_TRANSIT	77.00	gxmqlssgziy6vkmq	16
54	2026-06-13 13:03:53.945696	PAID	IN_TRANSIT	51.00	1gx3i1l5t84onptm	16
55	2026-06-13 13:03:53.974325	PAID	IN_TRANSIT	10.00	k94yaio3dylcqyi5	16
56	2026-06-13 13:03:53.997253	PAID	IN_TRANSIT	76.00	ahdq48wu70l1ro48	16
57	2026-06-13 13:03:54.022733	PAID	IN_TRANSIT	55.00	vmzwnjomptk3snmb	16
58	2026-06-13 13:03:54.0504	PAID	IN_TRANSIT	73.00	zmzqnirr7xlwjnbr	16
59	2026-06-13 13:03:54.073572	PAID	IN_TRANSIT	15.00	pe5fxdejvxsr93ns	16
60	2026-06-13 13:03:54.090027	PAID	IN_TRANSIT	106.00	sv6q5zai24sceycs	16
61	2026-06-13 13:03:54.108959	PAID	IN_TRANSIT	22.00	g3tmwk2rrg3r1ffh	16
62	2026-06-13 13:03:54.134874	PAID	IN_TRANSIT	30.00	wpevbypflehyiadb	16
63	2026-06-13 13:03:54.168684	PAID	IN_TRANSIT	18.00	zh44mqqtaebjjy2w	16
64	2026-06-13 13:03:54.205089	PAID	IN_TRANSIT	18.00	0ciw743hl91urwa8	16
65	2026-06-13 13:03:54.236182	PAID	IN_TRANSIT	23.00	kp4oa8r6ohfwmjpn	17
66	2026-06-13 13:03:54.265333	PAID	IN_TRANSIT	5.00	rsm9ig9xp6h4hqhc	17
67	2026-06-13 13:03:54.287882	PAID	IN_TRANSIT	10.00	idp0d3p3138mi85p	17
68	2026-06-13 13:03:54.305348	PAID	IN_TRANSIT	19.00	17e6hzq389166hi3	17
69	2026-06-13 13:03:54.325048	PAID	IN_TRANSIT	4.00	o4hzysis8gbi5slq	17
70	2026-06-13 13:03:54.3454	PAID	IN_TRANSIT	86.00	6m60rcy7x01wkicg	18
71	2026-06-13 13:03:54.368319	PAID	IN_TRANSIT	33.00	leqf6jyfqjy5nmzy	18
72	2026-06-13 13:03:54.388312	PAID	IN_TRANSIT	34.00	tre66r1iu2cpkbk9	18
73	2026-06-13 13:03:54.407415	PAID	IN_TRANSIT	84.00	nkjycmo3e98czete	18
74	2026-06-13 13:03:54.425142	PAID	IN_TRANSIT	24.00	3h7pf53mqfx28eme	18
75	2026-06-13 13:03:54.448055	PAID	IN_TRANSIT	29.00	k5i4s9ssqsfbj9w8	18
76	2026-06-13 13:03:54.471812	PAID	IN_TRANSIT	78.00	q20si4hyw59cwj0d	19
77	2026-06-13 13:03:54.500791	PAID	IN_TRANSIT	14.00	wgqcagnvtv45fblu	19
78	2026-06-13 13:03:54.525928	PAID	IN_TRANSIT	104.00	0fq26dx6gxicllic	19
79	2026-06-13 13:03:54.548546	PAID	IN_TRANSIT	4.00	m88tluhxivx66uha	19
80	2026-06-13 13:03:54.567684	PAID	IN_TRANSIT	27.00	f5c2cowanl86y0q1	19
81	2026-06-13 13:03:54.59452	PAID	IN_TRANSIT	6.00	cdlqmb0ut3vgp685	19
82	2026-06-13 13:03:54.622868	PAID	IN_TRANSIT	21.00	u6ises91lwebh9md	19
83	2026-06-13 13:03:54.652572	PAID	IN_TRANSIT	42.00	7gwtm2ba8va65mv8	20
84	2026-06-13 13:03:54.675801	PAID	IN_TRANSIT	54.00	5fn2yt33liwjbste	20
85	2026-06-13 13:03:54.698122	PAID	IN_TRANSIT	157.00	d88yh7jnp9u3kfv7	20
86	2026-06-13 13:03:54.721751	PAID	IN_TRANSIT	12.00	yav4hjyf1gpeq1fy	20
87	2026-06-13 13:03:54.747329	PAID	IN_TRANSIT	88.00	cprs1s2kmqtmxx73	20
88	2026-06-13 13:03:54.778169	PAID	IN_TRANSIT	76.00	donn28avt59yog9h	20
89	2026-06-13 13:03:54.813396	PAID	IN_TRANSIT	21.00	y54rjuy5ow8qb3ef	20
90	2026-06-13 13:03:54.846979	PAID	IN_TRANSIT	16.00	2cmmivoza19zjy0q	20
91	2026-06-13 13:03:54.876162	PAID	IN_TRANSIT	130.00	poy74s9i85f77p7e	20
92	2026-06-13 13:03:54.903562	PAID	IN_TRANSIT	104.00	v6dx42kfwldwsuj4	20
93	2026-06-13 13:03:54.933844	PAID	IN_TRANSIT	22.00	c5d5is4u23v06bwk	20
94	2026-06-13 13:03:54.961424	PAID	IN_TRANSIT	28.00	cjiqmd0taleklnuq	20
95	2026-06-13 13:03:54.988563	PAID	IN_TRANSIT	20.00	6m43axywier9zm77	20
96	2026-06-13 13:03:55.017259	PAID	IN_TRANSIT	97.00	dvwi2vr6kl9qn9g7	20
97	2026-06-13 13:03:55.049327	PAID	IN_TRANSIT	65.00	47rcj1lxe899dy6g	21
98	2026-06-13 13:03:55.070374	PAID	IN_TRANSIT	28.00	9iin2dtpz0503yy0	21
99	2026-06-13 13:03:55.090993	PAID	IN_TRANSIT	36.00	fy0rpymel9471ywa	21
100	2026-06-13 13:03:55.113809	PAID	IN_TRANSIT	30.00	y9ez2hyngaewgnyo	21
101	2026-06-13 13:03:55.141074	PAID	IN_TRANSIT	40.00	l01lq554lvjsa90r	21
102	2026-06-13 13:03:55.166765	PAID	IN_TRANSIT	10.00	c4hbinpm9scv5cyh	21
103	2026-06-13 13:03:55.192544	PAID	IN_TRANSIT	12.00	61i38pt6qgbzuct7	21
104	2026-06-13 13:03:55.218425	PAID	IN_TRANSIT	27.00	w8bvqfka2ycop8fv	21
105	2026-06-13 13:03:55.245994	PAID	IN_TRANSIT	71.00	gvl9jum9o60vwkt7	22
106	2026-06-13 13:03:55.274231	PAID	IN_TRANSIT	45.00	2axpn6xr8j22piqn	22
107	2026-06-13 13:03:55.294531	PAID	IN_TRANSIT	18.00	ho8b42jfqt5vyf35	22
108	2026-06-13 13:03:55.318509	PAID	IN_TRANSIT	49.00	kh4b3q20serulvan	22
109	2026-06-13 13:03:55.34094	PAID	IN_TRANSIT	99.00	llztoto64dy16egg	22
110	2026-06-13 13:03:55.370364	PAID	IN_TRANSIT	69.00	p7x67wsf0e7vmd05	22
111	2026-06-13 13:03:55.389708	PAID	IN_TRANSIT	44.00	0m8aektjjarovbbo	22
112	2026-06-13 13:03:55.405263	PAID	IN_TRANSIT	32.00	ijxcpziansnim9cb	22
113	2026-06-13 13:03:55.416961	PAID	IN_TRANSIT	134.00	vcjnpxbzq9seqmmb	22
114	2026-06-13 13:03:55.432761	PAID	IN_TRANSIT	9.00	p6t044vawsrn4qix	22
115	2026-06-13 13:03:55.448518	PAID	IN_TRANSIT	70.00	tvvq2bjhdwa3ydu1	22
116	2026-06-13 13:03:55.464178	PAID	IN_TRANSIT	24.00	esc86o54en9bvw07	23
117	2026-06-13 13:03:55.479845	PAID	IN_TRANSIT	11.00	9yme1wnk3v4ofdf4	23
118	2026-06-13 13:03:55.492249	PAID	IN_TRANSIT	21.00	220ci0h2zxzgqf37	23
119	2026-06-13 13:03:55.502999	PAID	IN_TRANSIT	141.00	8ksgm55qx8u9ftno	23
120	2026-06-13 13:03:55.517049	PAID	IN_TRANSIT	18.00	nx47d3p7srkqvnxc	23
121	2026-06-13 13:03:55.53031	PAID	IN_TRANSIT	75.00	pjta3vzswfeaha62	24
122	2026-06-13 13:03:55.54577	PAID	IN_TRANSIT	34.00	22ufs5wtob19k4qv	24
123	2026-06-13 13:03:55.574093	PAID	IN_TRANSIT	13.00	uf4simaur2993f6m	24
124	2026-06-13 13:03:55.598998	PAID	IN_TRANSIT	69.00	6vq9eiln7ph1xcgb	24
125	2026-06-13 13:03:55.62689	PAID	IN_TRANSIT	33.00	z16owinv8me9cl8p	24
126	2026-06-13 13:03:55.648872	PAID	IN_TRANSIT	22.00	qvvsnnbbs7zcw3jm	25
127	2026-06-13 13:03:55.668884	PAID	IN_TRANSIT	14.00	f0ucsf83ntr6zayp	25
128	2026-06-13 13:03:55.696257	PAID	IN_TRANSIT	37.00	cayhlg4n9absz3sw	25
129	2026-06-13 13:03:55.725221	PAID	IN_TRANSIT	42.00	dh50gjd800y5fcco	25
130	2026-06-13 13:03:55.748904	PAID	IN_TRANSIT	11.00	b0wczv88d7ollp30	25
131	2026-06-13 13:03:55.772367	PAID	IN_TRANSIT	19.00	f80v00o6s26bwajx	25
132	2026-06-13 13:03:55.799431	PAID	IN_TRANSIT	22.00	crkz3xxj14o77u4d	25
133	2026-06-13 13:03:55.823441	PAID	IN_TRANSIT	46.00	1vjgxjpsomjon6sf	25
134	2026-06-13 13:03:55.848169	PAID	IN_TRANSIT	20.00	9jmufq5qndntrmph	25
135	2026-06-13 13:03:55.870173	PAID	IN_TRANSIT	52.00	qhzr9og9q8e1eebl	25
136	2026-06-13 13:03:55.896554	PAID	IN_TRANSIT	15.00	1lj8uryw2bt4vxly	25
137	2026-06-13 13:03:55.924445	PAID	IN_TRANSIT	12.00	spun1lrwmg1q6st7	25
138	2026-06-13 13:03:55.946184	PAID	IN_TRANSIT	68.00	4nfmglqyfguvb4ys	25
139	2026-06-13 13:03:55.974101	PAID	IN_TRANSIT	41.00	kl0i1gxid5vqr208	25
\.


--
-- Data for Name: password_reset_tokens; Type: TABLE DATA; Schema: public; Owner: dbuser
--

COPY public.password_reset_tokens (id, created_at, expiration_date, token_hash, used, user_id) FROM stdin;
\.


--
-- Data for Name: product_images; Type: TABLE DATA; Schema: public; Owner: dbuser
--

COPY public.product_images (id, url, product_id) FROM stdin;
1	https://res.cloudinary.com/drpvxaxr2/image/upload/v1781373757/pawify/upak1gkg3xew0fjzohpm.webp	1
2	https://res.cloudinary.com/drpvxaxr2/image/upload/v1781373759/pawify/qnce1esdj7yxs4kfvx9f.webp	1
3	https://res.cloudinary.com/drpvxaxr2/image/upload/v1781373760/pawify/pk47je2agwawzwjjllzz.jpg	1
4	https://res.cloudinary.com/drpvxaxr2/image/upload/v1781373761/pawify/xovb1bhszh55hmxordgt.webp	2
5	https://res.cloudinary.com/drpvxaxr2/image/upload/v1781373762/pawify/kfyhqtjfgmtsfr6fcv3w.jpg	2
6	https://res.cloudinary.com/drpvxaxr2/image/upload/v1781373763/pawify/tma19ssz2anp1nonrotg.webp	2
7	https://res.cloudinary.com/drpvxaxr2/image/upload/v1781373764/pawify/oiwj8v0domj4ssaf8onl.webp	3
8	https://res.cloudinary.com/drpvxaxr2/image/upload/v1781373765/pawify/zuklvmirq4qygi0pkw8d.webp	3
9	https://res.cloudinary.com/drpvxaxr2/image/upload/v1781373766/pawify/ciloyesgoct7cgu90act.webp	3
10	https://res.cloudinary.com/drpvxaxr2/image/upload/v1781373767/pawify/jg7xwef123gnxlypox61.webp	4
11	https://res.cloudinary.com/drpvxaxr2/image/upload/v1781373768/pawify/x1wxeqseq8hw7qj8pybx.webp	4
12	https://res.cloudinary.com/drpvxaxr2/image/upload/v1781373769/pawify/jrhkd84j5aq6oikumua1.webp	4
13	https://res.cloudinary.com/drpvxaxr2/image/upload/v1781373770/pawify/ntosakhtdu2bfhui8mc4.webp	5
14	https://res.cloudinary.com/drpvxaxr2/image/upload/v1781373771/pawify/rx2awcdtqjphn1e0f9nl.webp	5
15	https://res.cloudinary.com/drpvxaxr2/image/upload/v1781373772/pawify/dkd7kkneu1pdacfsfl3l.jpg	5
16	https://res.cloudinary.com/drpvxaxr2/image/upload/v1781373773/pawify/ufedv2rea8bkjf1fiw6c.webp	6
17	https://res.cloudinary.com/drpvxaxr2/image/upload/v1781373774/pawify/vq5lbv3pozyypufhv5ei.webp	6
18	https://res.cloudinary.com/drpvxaxr2/image/upload/v1781373776/pawify/qgsc85xfufow3fsdqc1z.webp	6
19	https://res.cloudinary.com/drpvxaxr2/image/upload/v1781373777/pawify/ibdf7q1xpruoytjscqar.webp	7
20	https://res.cloudinary.com/drpvxaxr2/image/upload/v1781373778/pawify/qzmpuiqfoout4knqrqvm.webp	7
21	https://res.cloudinary.com/drpvxaxr2/image/upload/v1781373779/pawify/pizercuybv7zxo3wcwrc.webp	7
22	https://res.cloudinary.com/drpvxaxr2/image/upload/v1781373780/pawify/gfjfplpxkjqkv7pw66nh.png	8
23	https://res.cloudinary.com/drpvxaxr2/image/upload/v1781373781/pawify/raz2csum8pkhazluwted.webp	8
24	https://res.cloudinary.com/drpvxaxr2/image/upload/v1781373782/pawify/jmwusoov1qhkxc5sojf1.webp	8
25	https://res.cloudinary.com/drpvxaxr2/image/upload/v1781373783/pawify/dd2joqybwdxf14cybuka.webp	9
26	https://res.cloudinary.com/drpvxaxr2/image/upload/v1781373784/pawify/ka5ileagqp7xcmdbqlqq.webp	9
27	https://res.cloudinary.com/drpvxaxr2/image/upload/v1781373785/pawify/rf9qsjrphiakzds5sozm.jpg	9
28	https://res.cloudinary.com/drpvxaxr2/image/upload/v1781373786/pawify/xnopjbidgdlapc36prsq.webp	10
29	https://res.cloudinary.com/drpvxaxr2/image/upload/v1781373787/pawify/tkthddkuxcpg135xawms.webp	10
30	https://res.cloudinary.com/drpvxaxr2/image/upload/v1781373788/pawify/bdzstarfjdpp9rkdrsht.webp	10
31	https://res.cloudinary.com/drpvxaxr2/image/upload/v1781373790/pawify/v4hwpllv9nfeyduqre8m.webp	11
32	https://res.cloudinary.com/drpvxaxr2/image/upload/v1781373791/pawify/uivlnvyvfcxsav5keheu.webp	11
33	https://res.cloudinary.com/drpvxaxr2/image/upload/v1781373792/pawify/gtyf7tq00dba3lioc3vv.png	11
34	https://res.cloudinary.com/drpvxaxr2/image/upload/v1781373793/pawify/tlwj6tpwm9e13e78n2ty.webp	12
35	https://res.cloudinary.com/drpvxaxr2/image/upload/v1781373794/pawify/yii3vuziobwgedbyudxf.jpg	12
36	https://res.cloudinary.com/drpvxaxr2/image/upload/v1781373795/pawify/ba0jbb3qh2eycmcoaa6j.jpg	12
37	https://res.cloudinary.com/drpvxaxr2/image/upload/v1781373796/pawify/zlvcmj4dbisolceh9ajt.webp	13
38	https://res.cloudinary.com/drpvxaxr2/image/upload/v1781373797/pawify/qciyfzveyyfrilclatpq.webp	13
39	https://res.cloudinary.com/drpvxaxr2/image/upload/v1781373798/pawify/hxomjt8jqdfm3xqbsocb.jpg	13
40	https://res.cloudinary.com/drpvxaxr2/image/upload/v1781373799/pawify/norf4w3mkiy3vhpwftr1.webp	14
41	https://res.cloudinary.com/drpvxaxr2/image/upload/v1781373800/pawify/xdyru6nngndvaajrxxqs.webp	14
42	https://res.cloudinary.com/drpvxaxr2/image/upload/v1781373802/pawify/woaledeen7tpfevjk6uv.jpg	14
43	https://res.cloudinary.com/drpvxaxr2/image/upload/v1781373804/pawify/qz4zn7yoroedg2hrvtin.webp	15
44	https://res.cloudinary.com/drpvxaxr2/image/upload/v1781373804/pawify/kujnvhjatb4hytxd1f6s.webp	15
45	https://res.cloudinary.com/drpvxaxr2/image/upload/v1781373806/pawify/dvwjfqrnte2goxqmuxvr.jpg	15
46	https://res.cloudinary.com/drpvxaxr2/image/upload/v1781373807/pawify/p4ztqo8hiwz2pv7v3kwx.webp	16
47	https://res.cloudinary.com/drpvxaxr2/image/upload/v1781373808/pawify/fwluy1ulphgtlq4qhjcx.webp	16
48	https://res.cloudinary.com/drpvxaxr2/image/upload/v1781373808/pawify/husn06gsyezlg4xb2jgf.jpg	16
49	https://res.cloudinary.com/drpvxaxr2/image/upload/v1781373810/pawify/zcff6whk8npgvlup5exi.webp	17
50	https://res.cloudinary.com/drpvxaxr2/image/upload/v1781373811/pawify/lkrptyion4frzzqoc98d.jpg	17
51	https://res.cloudinary.com/drpvxaxr2/image/upload/v1781373811/pawify/vpabwk9qqhvoqxdxt5ja.webp	17
52	https://res.cloudinary.com/drpvxaxr2/image/upload/v1781373812/pawify/gdasrozty9iakiz5aqul.jpg	18
53	https://res.cloudinary.com/drpvxaxr2/image/upload/v1781373813/pawify/oc79sdnxrxupcizqqtjy.jpg	18
54	https://res.cloudinary.com/drpvxaxr2/image/upload/v1781373814/pawify/j5idw6lkifnjdmk4t8jz.webp	18
55	https://res.cloudinary.com/drpvxaxr2/image/upload/v1781373815/pawify/xoq0btb2l0n8jxwxvxnl.webp	19
56	https://res.cloudinary.com/drpvxaxr2/image/upload/v1781373816/pawify/ihozjnqcdjawnyqixpjc.webp	19
57	https://res.cloudinary.com/drpvxaxr2/image/upload/v1781373817/pawify/b5tnt4zx2qklqt3dsqg3.webp	19
58	https://res.cloudinary.com/drpvxaxr2/image/upload/v1781373818/pawify/uxszuxsu66sysjib7cyv.webp	20
59	https://res.cloudinary.com/drpvxaxr2/image/upload/v1781373819/pawify/e9jcis52r7qow2x79vhy.webp	20
60	https://res.cloudinary.com/drpvxaxr2/image/upload/v1781373820/pawify/vamg7gj4ylr2ceaypvv7.webp	20
61	https://res.cloudinary.com/drpvxaxr2/image/upload/v1781373821/pawify/uiqrwudzsjpvcgupt1g9.webp	21
62	https://res.cloudinary.com/drpvxaxr2/image/upload/v1781373822/pawify/emis3zljdcx24veesyme.webp	21
63	https://res.cloudinary.com/drpvxaxr2/image/upload/v1781373823/pawify/njujvmrg2jiwfk56pby1.webp	21
64	https://res.cloudinary.com/drpvxaxr2/image/upload/v1781373824/pawify/of1wa7q67ywyfcjrye8n.webp	22
65	https://res.cloudinary.com/drpvxaxr2/image/upload/v1781373825/pawify/qowqkbhes3tcez1amttp.webp	22
66	https://res.cloudinary.com/drpvxaxr2/image/upload/v1781373826/pawify/iadd5fm0jwh7axk1wk50.webp	22
67	https://res.cloudinary.com/drpvxaxr2/image/upload/v1781373827/pawify/fezcuz84u4crqwxuubo7.png	23
68	https://res.cloudinary.com/drpvxaxr2/image/upload/v1781373829/pawify/vopnduclj7earhad0duf.webp	23
69	https://res.cloudinary.com/drpvxaxr2/image/upload/v1781373829/pawify/ls12geex5tidgfk8th2r.webp	23
\.


--
-- Data for Name: products; Type: TABLE DATA; Schema: public; Owner: dbuser
--

COPY public.products (id, active, created_at, description, name, price, rating, review_count, share_code, sold_count, stock, brand_id, category_id, admin_id, sub_category_id) FROM stdin;
18	t	2026-06-13 13:03:32.314571	Permite pasear dos perros al mismo tiempo	Correa doble para paseo	13.0000	0	0	1civu0g13f	0	83	18	3	1	15
11	t	2026-06-13 13:03:09.756474	Collar con luz LED para paseos nocturnos seguros	Collar LED luminoso	9.0000	0	0	zkp5umo7b1	0	80	11	3	1	3
23	t	2026-06-13 13:03:47.113642	Dispensador de agua con filtrado continuo	Fuente de agua automática	22.0000	0	0	952f6oxskd	0	88	23	1	1	18
8	t	2026-06-13 13:02:59.496467	Bowl doble para agua y comida, fácil de limpiar	Comedero doble acero inoxidable	12.0000	0	0	zmgj1xt8f0	0	81	8	1	1	7
14	t	2026-06-13 13:03:19.286221	Arena aglomerante con control de olores	Arena para gatos	12.0000	0	0	tivo4ovstj	0	73	14	2	1	11
15	t	2026-06-13 13:03:23.517972	Rascador de cartón resistente para gatos	Rascador para gatos	11.0000	0	0	i6on30m71r	0	89	15	4	1	12
22	t	2026-06-13 13:03:44.278224	Premios que ayudan a limpiar los dientes del perro	Snack dental	6.0000	0	0	n5ruvs35j7	0	85	22	1	1	9
12	t	2026-06-13 13:03:13.165114	Comedero diseñado para evitar que el perro coma demasiado rápido	Plato antivoracidad	7.0000	0	0	r4jxry0yf3	0	81	12	1	1	7
6	t	2026-06-13 13:02:53.237071	Cama acolchada con base antideslizante	Cama para perro mediano	25.0000	0	0	ln8jslbis4	0	82	6	5	1	5
19	t	2026-06-13 13:03:35.370447	Casa portátil y resistente al clima	Casita para perros pequeños	28.0000	0	0	gr1cmxbwkx	0	74	19	8	1	16
9	t	2026-06-13 13:03:03.145778	Caja de transporte segura para viajes cortos y largos	Transportadora para mascotas	35.0000	0	0	n8km5cglsc	0	74	9	6	1	8
1	t	2026-06-13 13:02:36.756133	Chow Chow	Croquetas	10.0000	0	0	ed1aqo2a1c	0	75	1	1	1	1
13	t	2026-06-13 13:03:16.569846	Cepillo para eliminar pelo muerto en perros y gatos	Cepillo quitapelo	6.0000	0	0	qo4jd5vc2w	0	74	13	2	1	10
10	t	2026-06-13 13:03:06.277159	Premios saludables ricos en proteína	Snack natural de pollo	5.0000	0	0	ssicyjhz18	0	70	10	1	1	9
5	t	2026-06-13 13:02:50.005265	Juguete de goma resistente para reducir ansiedad y estrés	Juguete mordedor	6.0000	0	0	32yapnuiw0	0	73	5	4	1	4
3	t	2026-06-13 13:02:44.341229	Collar resistente y cómodo para perros de todas las tallas	Collar ajustable	8.0000	0	0	gkbwrxurn4	0	75	3	3	1	3
2	t	2026-06-13 13:02:40.797993	Comida para todos	Dispensador de comida	10.0000	0	0	yy11lgne2v	0	83	2	2	1	2
4	t	2026-06-13 13:02:47.036514	Correa extensible hasta 5 metros con sistema de bloqueo	Correa retráctil	15.0000	0	0	id8m4g2euy	0	69	4	3	1	3
17	t	2026-06-13 13:03:29.552661	Suplemento vitamínico para mejorar la salud general	Vitaminas para perros	14.0000	0	0	5hjmobkgiz	0	71	17	7	1	14
21	t	2026-06-13 13:03:41.247932	Arnés cómodo para control de perros durante el paseo	Arnés ajustable	11.0000	0	0	9xw1jb15f8	0	74	21	3	1	3
16	t	2026-06-13 13:03:26.580149	Pelota que rebota irregularmente para estimular el juego	Pelota interactiva	5.0000	0	0	7jjywrqr89	0	84	16	4	1	13
7	t	2026-06-13 13:02:56.551039	Shampoo especial para eliminar pulgas y garrapatas	Shampoo antipulgas	9.0000	0	0	7x0srzpu62	0	82	7	2	1	6
20	t	2026-06-13 13:03:38.254882	Bolsas ecológicas para recoger desechos de mascotas	Bolsas biodegradables	4.0000	0	0	vm7jx67z5q	0	978	20	2	1	17
\.


--
-- Data for Name: review_images; Type: TABLE DATA; Schema: public; Owner: dbuser
--

COPY public.review_images (id, url, review_id) FROM stdin;
1	https://res.cloudinary.com/drpvxaxr2/image/upload/v1781373843/pawify/k9s6zftx5hdp7wfyzgch.webp	1
2	https://res.cloudinary.com/drpvxaxr2/image/upload/v1781373845/pawify/rgzhpoukbih140itczr3.jpg	2
3	https://res.cloudinary.com/drpvxaxr2/image/upload/v1781373847/pawify/slimqzctkl6bqhtdoidc.jpg	3
4	https://res.cloudinary.com/drpvxaxr2/image/upload/v1781373848/pawify/ajpskemetcmjx144tt9o.jpg	4
5	https://res.cloudinary.com/drpvxaxr2/image/upload/v1781373849/pawify/wm3fuette3iewjjdpner.jpg	6
6	https://res.cloudinary.com/drpvxaxr2/image/upload/v1781373851/pawify/m08vlbxjeior7qnlvl3s.jpg	8
7	https://res.cloudinary.com/drpvxaxr2/image/upload/v1781373852/pawify/uwuxx3p9omct6hq62fpe.jpg	11
8	https://res.cloudinary.com/drpvxaxr2/image/upload/v1781373854/pawify/kskpq4hspteb20wp5sfh.jpg	13
9	https://res.cloudinary.com/drpvxaxr2/image/upload/v1781373856/pawify/lm3jx7psr6kroaw3n8yr.jpg	18
10	https://res.cloudinary.com/drpvxaxr2/image/upload/v1781373857/pawify/rssdptr2tfejvvkiswb5.jpg	19
11	https://res.cloudinary.com/drpvxaxr2/image/upload/v1781373858/pawify/fprr1tj9cigbk5vo7rs7.jpg	20
12	https://res.cloudinary.com/drpvxaxr2/image/upload/v1781373860/pawify/fosqbsk8ilsmhttfmo0k.jpg	22
13	https://res.cloudinary.com/drpvxaxr2/image/upload/v1781373861/pawify/qvt7czkklega35dbjbiy.webp	23
14	https://res.cloudinary.com/drpvxaxr2/image/upload/v1781373862/pawify/k6ubpketflr7zkez3xyz.jpg	25
15	https://res.cloudinary.com/drpvxaxr2/image/upload/v1781373864/pawify/pmm0ndvmdu5sdomandiw.jpg	27
16	https://res.cloudinary.com/drpvxaxr2/image/upload/v1781373865/pawify/bfzyj2imswcnulqkn5uy.jpg	28
17	https://res.cloudinary.com/drpvxaxr2/image/upload/v1781373867/pawify/uxh0jxdcfplzlhd3wajy.jpg	32
18	https://res.cloudinary.com/drpvxaxr2/image/upload/v1781373868/pawify/n8j2upa2j6qdlmvp4sbe.jpg	34
19	https://res.cloudinary.com/drpvxaxr2/image/upload/v1781373869/pawify/quzita4wv3tfiwo3qsyu.jpg	35
20	https://res.cloudinary.com/drpvxaxr2/image/upload/v1781373870/pawify/thcalvqwhfx33vc76mtc.jpg	37
21	https://res.cloudinary.com/drpvxaxr2/image/upload/v1781373872/pawify/eg2kaleyozzgow0ddddl.jpg	38
22	https://res.cloudinary.com/drpvxaxr2/image/upload/v1781373873/pawify/lonwwjswugvnkurxnj5f.jpg	39
23	https://res.cloudinary.com/drpvxaxr2/image/upload/v1781373874/pawify/a9bg3lgiertljaqzjnin.webp	40
24	https://res.cloudinary.com/drpvxaxr2/image/upload/v1781373875/pawify/n2iv2fmayzewvpladz8d.jpg	41
25	https://res.cloudinary.com/drpvxaxr2/image/upload/v1781373876/pawify/fy8ko1wwmio9xf8hmgyj.jpg	43
26	https://res.cloudinary.com/drpvxaxr2/image/upload/v1781373878/pawify/djvvle4gzrvrssff3rmz.jpg	48
27	https://res.cloudinary.com/drpvxaxr2/image/upload/v1781373880/pawify/giurvzyk4zih9kmfcsls.webp	49
28	https://res.cloudinary.com/drpvxaxr2/image/upload/v1781373881/pawify/eujejgjwkchave3mpbhc.jpg	51
29	https://res.cloudinary.com/drpvxaxr2/image/upload/v1781373883/pawify/n7h1tg0fwjqlecky9qbk.jpg	52
30	https://res.cloudinary.com/drpvxaxr2/image/upload/v1781373884/pawify/kvsrctehi1p2c27gqimj.jpg	53
31	https://res.cloudinary.com/drpvxaxr2/image/upload/v1781373886/pawify/bneisliejlq313opargh.jpg	55
32	https://res.cloudinary.com/drpvxaxr2/image/upload/v1781373888/pawify/xysdfgli1hr1xoubaiht.jpg	56
33	https://res.cloudinary.com/drpvxaxr2/image/upload/v1781373889/pawify/mxi1yh7ptlaoitagy06d.jpg	58
34	https://res.cloudinary.com/drpvxaxr2/image/upload/v1781373890/pawify/ltrthiyd5eiikuzqb2gy.jpg	59
35	https://res.cloudinary.com/drpvxaxr2/image/upload/v1781373891/pawify/t9bgpdyhajrtkiwgm8xs.webp	64
36	https://res.cloudinary.com/drpvxaxr2/image/upload/v1781373892/pawify/wahajvqzrk6dy7vqysxu.jpg	65
37	https://res.cloudinary.com/drpvxaxr2/image/upload/v1781373893/pawify/avtbuugye8nf85ww2tlk.webp	67
38	https://res.cloudinary.com/drpvxaxr2/image/upload/v1781373896/pawify/jauadk24lzjnrq0njuzy.jpg	68
39	https://res.cloudinary.com/drpvxaxr2/image/upload/v1781373897/pawify/cmpnwnbyofs4u9yqkw6u.jpg	76
40	https://res.cloudinary.com/drpvxaxr2/image/upload/v1781373898/pawify/l4vnfxaictsyi1osjdhq.jpg	77
41	https://res.cloudinary.com/drpvxaxr2/image/upload/v1781373900/pawify/ib79zuiotglvsw47qtzh.webp	78
42	https://res.cloudinary.com/drpvxaxr2/image/upload/v1781373901/pawify/yfhndteltumrkqzkrqru.jpg	80
43	https://res.cloudinary.com/drpvxaxr2/image/upload/v1781373903/pawify/pzlihweetlcummxuermd.jpg	81
44	https://res.cloudinary.com/drpvxaxr2/image/upload/v1781373904/pawify/waexb4ihajlv2czjukas.jpg	82
45	https://res.cloudinary.com/drpvxaxr2/image/upload/v1781373905/pawify/hby5i14k0ts3clyamcs9.jpg	83
46	https://res.cloudinary.com/drpvxaxr2/image/upload/v1781373906/pawify/ksbao21inpwsicendmsb.jpg	85
47	https://res.cloudinary.com/drpvxaxr2/image/upload/v1781373908/pawify/tpmdhubcmrsy1eowrpic.jpg	86
48	https://res.cloudinary.com/drpvxaxr2/image/upload/v1781373909/pawify/u6aofxe80x6ebrbtngjn.jpg	87
49	https://res.cloudinary.com/drpvxaxr2/image/upload/v1781373910/pawify/lnmg7ytmkxziqycpcmim.jpg	89
50	https://res.cloudinary.com/drpvxaxr2/image/upload/v1781373911/pawify/lzn0yiqx8qtdc0cmvyuy.jpg	90
51	https://res.cloudinary.com/drpvxaxr2/image/upload/v1781373913/pawify/p9204fm19ascctsiyqar.jpg	94
52	https://res.cloudinary.com/drpvxaxr2/image/upload/v1781373914/pawify/aoewjtbtpbohks9uc46i.webp	97
53	https://res.cloudinary.com/drpvxaxr2/image/upload/v1781373915/pawify/yy4sj1ihiltkrksmgupc.jpg	98
54	https://res.cloudinary.com/drpvxaxr2/image/upload/v1781373916/pawify/no9fuzqfbqiibrn6qfnz.jpg	99
55	https://res.cloudinary.com/drpvxaxr2/image/upload/v1781373917/pawify/v9tjdnusxkt5xthqywbh.webp	101
56	https://res.cloudinary.com/drpvxaxr2/image/upload/v1781373918/pawify/qhcpax8b1vaeuwrv6hgn.jpg	102
57	https://res.cloudinary.com/drpvxaxr2/image/upload/v1781373920/pawify/qchup7rt4tquo3sofcl0.jpg	107
58	https://res.cloudinary.com/drpvxaxr2/image/upload/v1781373921/pawify/szy5y9kvxugh4p7ezozx.jpg	108
59	https://res.cloudinary.com/drpvxaxr2/image/upload/v1781373922/pawify/p3veklp5exvg0xjzxyvt.webp	110
61	https://res.cloudinary.com/drpvxaxr2/image/upload/v1781373924/pawify/fkvt2meohbvsmbres0kx.jpg	116
62	https://res.cloudinary.com/drpvxaxr2/image/upload/v1781373925/pawify/w6xx8dijdhj0tpqd2m2d.webp	118
64	https://res.cloudinary.com/drpvxaxr2/image/upload/v1781373928/pawify/pppzcfrezzrirmdmlyaf.jpg	120
65	https://res.cloudinary.com/drpvxaxr2/image/upload/v1781373929/pawify/lo2lo8orplqsz6k54wno.jpg	122
66	https://res.cloudinary.com/drpvxaxr2/image/upload/v1781373930/pawify/exse9r4prxnkfvvrq4bd.jpg	123
67	https://res.cloudinary.com/drpvxaxr2/image/upload/v1781373932/pawify/fmgab6mt5iszt5bfrsoy.jpg	126
68	https://res.cloudinary.com/drpvxaxr2/image/upload/v1781373933/pawify/zc6efsxxnhpwq69zxz4c.jpg	127
69	https://res.cloudinary.com/drpvxaxr2/image/upload/v1781373934/pawify/mojfwguwo4pohqcdxoxd.webp	128
70	https://res.cloudinary.com/drpvxaxr2/image/upload/v1781373935/pawify/ahh7shl2ji1xdanfdkvk.webp	131
71	https://res.cloudinary.com/drpvxaxr2/image/upload/v1781373937/pawify/cwqclgkwzznqssc1okni.jpg	133
72	https://res.cloudinary.com/drpvxaxr2/image/upload/v1781373938/pawify/qoyp0onba0vbkzawkrtc.jpg	137
74	https://res.cloudinary.com/drpvxaxr2/image/upload/v1781373941/pawify/fcb9s2bmaiku7bohnrbh.jpg	145
76	https://res.cloudinary.com/drpvxaxr2/image/upload/v1781373944/pawify/bti2rcilc1arbxs0qsbo.jpg	153
77	https://res.cloudinary.com/drpvxaxr2/image/upload/v1781373945/pawify/tugbbamjrur08poonj3w.jpg	157
78	https://res.cloudinary.com/drpvxaxr2/image/upload/v1781373947/pawify/utzcivnx39pyuf2grayr.jpg	158
80	https://res.cloudinary.com/drpvxaxr2/image/upload/v1781373949/pawify/kpfkpssfyunupojj1ctm.jpg	160
81	https://res.cloudinary.com/drpvxaxr2/image/upload/v1781373950/pawify/n08jglij5yxheimfqotz.jpg	162
83	https://res.cloudinary.com/drpvxaxr2/image/upload/v1781373953/pawify/dto8pk1rava51byjvdob.jpg	166
84	https://res.cloudinary.com/drpvxaxr2/image/upload/v1781373955/pawify/xrotyikdnyrrjfsmprte.jpg	170
85	https://res.cloudinary.com/drpvxaxr2/image/upload/v1781373956/pawify/fyw3buq2eovam9k3zirc.jpg	171
86	https://res.cloudinary.com/drpvxaxr2/image/upload/v1781373958/pawify/qyyj3iod50p35xrv9qcm.jpg	176
87	https://res.cloudinary.com/drpvxaxr2/image/upload/v1781373960/pawify/uaa2f8gvufwnfntyovuz.jpg	177
88	https://res.cloudinary.com/drpvxaxr2/image/upload/v1781373961/pawify/vp4rbaczatthzarhu3nm.jpg	178
91	https://res.cloudinary.com/drpvxaxr2/image/upload/v1781373964/pawify/fnqzd8pfdrorp7ogmwae.webp	182
92	https://res.cloudinary.com/drpvxaxr2/image/upload/v1781373965/pawify/lxtzz3qfphepizwdxhui.jpg	183
94	https://res.cloudinary.com/drpvxaxr2/image/upload/v1781373968/pawify/jozs9qnwrk7air5deu55.jpg	185
95	https://res.cloudinary.com/drpvxaxr2/image/upload/v1781373969/pawify/ptl9gdo3tskq0kqlp0qh.jpg	187
96	https://res.cloudinary.com/drpvxaxr2/image/upload/v1781373970/pawify/cdyyzbuddt8wikpdyfen.webp	190
97	https://res.cloudinary.com/drpvxaxr2/image/upload/v1781373971/pawify/zablteegd6lhwljmdfxx.webp	192
98	https://res.cloudinary.com/drpvxaxr2/image/upload/v1781373972/pawify/pu2hezrzqohze6t8qr3m.jpg	193
99	https://res.cloudinary.com/drpvxaxr2/image/upload/v1781373973/pawify/wsb6nkeberav54uktbrp.jpg	195
101	https://res.cloudinary.com/drpvxaxr2/image/upload/v1781373976/pawify/v3phub5zluwosiq5bz16.jpg	201
102	https://res.cloudinary.com/drpvxaxr2/image/upload/v1781373978/pawify/hcqz7170gdccufjzwvlq.jpg	206
103	https://res.cloudinary.com/drpvxaxr2/image/upload/v1781373979/pawify/xsoszjrdbn5sgeu7jdt4.jpg	208
105	https://res.cloudinary.com/drpvxaxr2/image/upload/v1781373981/pawify/b4ltf6zypgd7kfefyb1s.jpg	211
106	https://res.cloudinary.com/drpvxaxr2/image/upload/v1781373983/pawify/u5ab5phktdwvhh6krabm.jpg	213
107	https://res.cloudinary.com/drpvxaxr2/image/upload/v1781373984/pawify/zm45hmhn9rk4hx9pipg4.jpg	217
108	https://res.cloudinary.com/drpvxaxr2/image/upload/v1781373986/pawify/dpxcbjirajgjaouuipj3.jpg	221
109	https://res.cloudinary.com/drpvxaxr2/image/upload/v1781373987/pawify/p6ywg58wtupzzcqfkqx2.webp	223
110	https://res.cloudinary.com/drpvxaxr2/image/upload/v1781373988/pawify/ianups8g7ufw04h1idvb.jpg	225
111	https://res.cloudinary.com/drpvxaxr2/image/upload/v1781373990/pawify/e0iftr5o5hfdarhfdrwj.jpg	226
112	https://res.cloudinary.com/drpvxaxr2/image/upload/v1781373991/pawify/sbnp3brtamyw54v2ypr7.webp	228
113	https://res.cloudinary.com/drpvxaxr2/image/upload/v1781373992/pawify/cvt2s0trrwoybg8ntcrt.jpg	230
114	https://res.cloudinary.com/drpvxaxr2/image/upload/v1781373993/pawify/fqywtpxemueslc5dmdzk.jpg	237
116	https://res.cloudinary.com/drpvxaxr2/image/upload/v1781373996/pawify/bxyuw18hvke4or8rifgl.jpg	240
117	https://res.cloudinary.com/drpvxaxr2/image/upload/v1781373997/pawify/uiivwfoc6dvtucsikjlr.jpg	245
118	https://res.cloudinary.com/drpvxaxr2/image/upload/v1781373999/pawify/phhel5vwsxq3h5kht7lj.jpg	246
119	https://res.cloudinary.com/drpvxaxr2/image/upload/v1781374000/pawify/ftn2uffp8s8zojtf6s3g.jpg	248
120	https://res.cloudinary.com/drpvxaxr2/image/upload/v1781374001/pawify/initniibneuo344efkce.webp	250
60	https://res.cloudinary.com/drpvxaxr2/image/upload/v1781373923/pawify/nfgqc6uyex9ayrysvogj.webp	114
63	https://res.cloudinary.com/drpvxaxr2/image/upload/v1781373926/pawify/hf2ukyfbtb3vocc6sg8z.jpg	119
73	https://res.cloudinary.com/drpvxaxr2/image/upload/v1781373939/pawify/eqxtpuhilye5f2rk3klx.jpg	139
75	https://res.cloudinary.com/drpvxaxr2/image/upload/v1781373942/pawify/b1bviaielcfqtxozqznn.jpg	149
79	https://res.cloudinary.com/drpvxaxr2/image/upload/v1781373948/pawify/tgufqooun2zlerq5agsb.jpg	159
82	https://res.cloudinary.com/drpvxaxr2/image/upload/v1781373952/pawify/dxt7exseq6bi3e2xb7sa.jpg	164
89	https://res.cloudinary.com/drpvxaxr2/image/upload/v1781373962/pawify/okxpzj9l7wyi80zmdb94.webp	179
90	https://res.cloudinary.com/drpvxaxr2/image/upload/v1781373963/pawify/kzdkd9b2bau7og8tnxu9.jpg	180
93	https://res.cloudinary.com/drpvxaxr2/image/upload/v1781373967/pawify/m3fbnkiqcsh3tzqfqkbo.jpg	184
100	https://res.cloudinary.com/drpvxaxr2/image/upload/v1781373975/pawify/dyg69qne8aklkzcxkilu.jpg	199
104	https://res.cloudinary.com/drpvxaxr2/image/upload/v1781373980/pawify/aqhxqys4uhbtpb90esjr.jpg	209
115	https://res.cloudinary.com/drpvxaxr2/image/upload/v1781373995/pawify/sqytxia8ya3kys8axfog.jpg	239
\.


--
-- Data for Name: reviews; Type: TABLE DATA; Schema: public; Owner: dbuser
--

COPY public.reviews (id, content, created_at, rating, buyer_id, detail_id, product_id) FROM stdin;
1	Relación calidad-precio aceptable	2026-06-13 13:04:04.830564	4	11	1	20
2	No era exactamente como esperaba	2026-06-13 13:04:06.261651	3	11	2	9
3	El producto dejó de funcionar al poco tiempo	2026-06-13 13:04:07.490022	2	11	3	15
4	Relación calidad-precio aceptable	2026-06-13 13:04:08.826312	4	11	4	17
5	No era exactamente como esperaba	2026-06-13 13:04:08.854089	3	11	5	22
6	Muy mala experiencia	2026-06-13 13:04:10.255386	1	11	6	13
7	La calidad es excelente	2026-06-13 13:04:10.280434	5	11	7	14
8	Cumple con lo prometido	2026-06-13 13:04:11.853003	4	11	8	15
9	Llegó rápido y en buen estado	2026-06-13 13:04:11.880486	5	11	9	19
10	La calidad es excelente	2026-06-13 13:04:11.902805	5	11	10	11
11	No era exactamente como esperaba	2026-06-13 13:04:13.220001	3	11	11	12
12	Cumple con lo prometido	2026-06-13 13:04:13.250261	4	11	12	17
13	Relación calidad-precio aceptable	2026-06-13 13:04:15.036809	4	11	13	5
14	El producto dejó de funcionar al poco tiempo	2026-06-13 13:04:15.065922	2	11	14	9
15	Relación calidad-precio aceptable	2026-06-13 13:04:15.093803	4	11	15	1
16	No era exactamente como esperaba	2026-06-13 13:04:15.117964	3	11	16	10
17	El producto dejó de funcionar al poco tiempo	2026-06-13 13:04:15.142053	2	12	17	18
18	Cumple con lo prometido	2026-06-13 13:04:16.912151	4	12	18	8
19	El producto dejó de funcionar al poco tiempo	2026-06-13 13:04:18.113	2	12	19	13
20	Buen producto	2026-06-13 13:04:19.573299	5	12	20	19
21	Relación calidad-precio aceptable	2026-06-13 13:04:19.599622	4	12	21	7
22	La calidad es excelente	2026-06-13 13:04:20.904787	5	12	22	11
23	Muy mala experiencia	2026-06-13 13:04:21.827724	1	12	23	6
24	No era exactamente como esperaba	2026-06-13 13:04:21.853685	3	12	24	4
25	Cumple con lo prometido	2026-06-13 13:04:23.221541	4	12	25	2
26	Cumple con lo prometido	2026-06-13 13:04:23.246683	4	12	26	21
27	Llegó rápido y en buen estado	2026-06-13 13:04:24.386983	5	12	27	8
28	La calidad es excelente	2026-06-13 13:04:26.33257	5	12	28	5
29	Muy mala experiencia	2026-06-13 13:04:26.360653	1	12	29	7
30	No era exactamente como esperaba	2026-06-13 13:04:26.384889	3	12	30	20
31	Muy mala experiencia	2026-06-13 13:04:26.410287	1	12	31	2
32	La calidad es excelente	2026-06-13 13:04:27.404373	5	12	32	20
33	Relación calidad-precio aceptable	2026-06-13 13:04:27.431133	4	12	33	10
34	Buen producto	2026-06-13 13:04:28.891711	5	12	34	13
35	La calidad es excelente	2026-06-13 13:04:30.226851	5	12	35	3
36	Cumple con lo prometido	2026-06-13 13:04:30.259045	4	12	36	19
37	Muy mala experiencia	2026-06-13 13:04:31.554768	1	12	37	8
38	Llegó rápido y en buen estado	2026-06-13 13:04:32.731625	5	12	38	19
39	Muy mala experiencia	2026-06-13 13:04:34.04012	1	12	39	14
40	La calidad es excelente	2026-06-13 13:04:34.932965	5	12	40	18
41	Llegó rápido y en buen estado	2026-06-13 13:04:36.163116	5	12	41	22
42	Muy mala experiencia	2026-06-13 13:04:36.1897	1	12	42	16
43	El producto dejó de funcionar al poco tiempo	2026-06-13 13:04:37.766867	2	12	43	21
44	Buen producto	2026-06-13 13:04:37.792538	5	12	44	5
45	El producto dejó de funcionar al poco tiempo	2026-06-13 13:04:37.816462	2	13	45	21
46	Buen producto	2026-06-13 13:04:37.837815	5	13	46	9
47	Llegó rápido y en buen estado	2026-06-13 13:04:37.859646	5	13	47	14
48	La calidad es excelente	2026-06-13 13:04:39.255897	5	13	48	12
49	Relación calidad-precio aceptable	2026-06-13 13:04:41.062829	4	13	49	17
50	El producto dejó de funcionar al poco tiempo	2026-06-13 13:04:41.09059	2	13	50	3
51	No era exactamente como esperaba	2026-06-13 13:04:42.412796	3	13	51	6
52	La calidad es excelente	2026-06-13 13:04:43.731368	5	13	52	10
53	No era exactamente como esperaba	2026-06-13 13:04:45.584688	3	13	53	16
54	Buen producto	2026-06-13 13:04:45.610801	5	14	54	5
55	El producto dejó de funcionar al poco tiempo	2026-06-13 13:04:47.066887	2	14	55	3
56	No era exactamente como esperaba	2026-06-13 13:04:48.48115	3	14	56	7
57	Buen producto	2026-06-13 13:04:48.51248	5	14	57	21
58	Muy mala experiencia	2026-06-13 13:04:49.576646	1	14	58	6
59	El producto dejó de funcionar al poco tiempo	2026-06-13 13:04:50.805331	2	14	59	8
60	Cumple con lo prometido	2026-06-13 13:04:50.831343	4	14	60	16
61	El producto dejó de funcionar al poco tiempo	2026-06-13 13:04:50.847571	2	14	61	3
62	Cumple con lo prometido	2026-06-13 13:04:50.864295	4	14	62	1
63	Buen producto	2026-06-13 13:04:50.882363	5	14	63	17
64	El producto dejó de funcionar al poco tiempo	2026-06-13 13:04:51.714898	2	14	64	23
65	No era exactamente como esperaba	2026-06-13 13:04:53.059666	3	14	65	1
66	Relación calidad-precio aceptable	2026-06-13 13:04:53.082885	4	14	66	17
67	Buen producto	2026-06-13 13:04:55.722329	5	14	67	2
68	El producto dejó de funcionar al poco tiempo	2026-06-13 13:04:56.950006	2	14	68	10
69	No era exactamente como esperaba	2026-06-13 13:04:56.975399	3	14	69	14
70	Muy mala experiencia	2026-06-13 13:04:56.990119	1	14	70	2
71	Muy mala experiencia	2026-06-13 13:04:57.005081	1	14	71	20
72	Muy mala experiencia	2026-06-13 13:04:57.023866	1	14	72	13
73	Llegó rápido y en buen estado	2026-06-13 13:04:57.044763	5	14	73	14
74	No era exactamente como esperaba	2026-06-13 13:04:57.065957	3	14	74	16
75	Cumple con lo prometido	2026-06-13 13:04:57.090339	4	14	75	17
76	Muy mala experiencia	2026-06-13 13:04:58.187498	1	14	76	4
77	La calidad es excelente	2026-06-13 13:04:59.426049	5	14	77	3
78	No era exactamente como esperaba	2026-06-13 13:05:00.606962	3	14	78	4
79	El producto dejó de funcionar al poco tiempo	2026-06-13 13:05:00.63015	2	14	79	2
80	Relación calidad-precio aceptable	2026-06-13 13:05:02.017318	4	14	80	18
81	Relación calidad-precio aceptable	2026-06-13 13:05:03.505249	4	14	81	4
82	No era exactamente como esperaba	2026-06-13 13:05:04.62983	3	14	82	21
83	Relación calidad-precio aceptable	2026-06-13 13:05:06.063284	4	14	83	13
85	Cumple con lo prometido	2026-06-13 13:05:07.598758	4	15	85	14
86	La calidad es excelente	2026-06-13 13:05:08.709138	5	15	86	17
87	No era exactamente como esperaba	2026-06-13 13:05:09.983518	3	15	87	18
88	Cumple con lo prometido	2026-06-13 13:05:10.013819	4	15	88	8
90	Llegó rápido y en buen estado	2026-06-13 13:05:12.514782	5	15	90	17
91	El producto dejó de funcionar al poco tiempo	2026-06-13 13:05:12.538577	2	15	91	18
92	Buen producto	2026-06-13 13:05:12.559416	5	15	92	8
93	Muy mala experiencia	2026-06-13 13:05:12.579431	1	15	93	22
95	El producto dejó de funcionar al poco tiempo	2026-06-13 13:05:13.875533	2	15	95	21
96	Llegó rápido y en buen estado	2026-06-13 13:05:13.899346	5	15	96	10
97	Cumple con lo prometido	2026-06-13 13:05:14.767347	4	15	97	11
84	Cumple con lo prometido	2026-06-13 13:05:06.090149	4	15	84	6
89	La calidad es excelente	2026-06-13 13:05:11.125194	5	15	89	20
94	El producto dejó de funcionar al poco tiempo	2026-06-13 13:05:13.84667	2	15	94	3
98	Llegó rápido y en buen estado	2026-06-13 13:05:15.996442	5	15	98	16
99	La calidad es excelente	2026-06-13 13:05:17.166565	5	15	99	21
100	Relación calidad-precio aceptable	2026-06-13 13:05:17.190112	4	15	100	6
101	Llegó rápido y en buen estado	2026-06-13 13:05:18.14636	5	16	101	12
102	La calidad es excelente	2026-06-13 13:05:19.225466	5	16	102	21
103	Buen producto	2026-06-13 13:05:19.251885	5	16	103	23
104	El producto dejó de funcionar al poco tiempo	2026-06-13 13:05:19.271431	2	16	104	16
105	No era exactamente como esperaba	2026-06-13 13:05:19.291969	3	16	105	17
106	La calidad es excelente	2026-06-13 13:05:19.313407	5	16	106	11
107	Cumple con lo prometido	2026-06-13 13:05:20.502087	4	16	107	1
108	No era exactamente como esperaba	2026-06-13 13:05:21.73994	3	16	108	9
109	Muy mala experiencia	2026-06-13 13:05:21.766077	1	16	109	13
110	No era exactamente como esperaba	2026-06-13 13:05:22.856085	3	16	110	1
111	Buen producto	2026-06-13 13:05:22.884449	5	16	111	4
112	Buen producto	2026-06-13 13:05:22.907197	5	16	112	1
113	Llegó rápido y en buen estado	2026-06-13 13:05:22.930195	5	16	113	10
114	La calidad es excelente	2026-06-13 13:05:23.881953	5	16	114	15
115	La calidad es excelente	2026-06-13 13:05:23.908748	5	16	115	4
116	Muy mala experiencia	2026-06-13 13:05:25.110856	1	16	116	19
117	Buen producto	2026-06-13 13:05:25.138115	5	16	117	3
118	No era exactamente como esperaba	2026-06-13 13:05:26.237663	3	16	118	22
119	Relación calidad-precio aceptable	2026-06-13 13:05:27.464345	4	16	119	23
120	Relación calidad-precio aceptable	2026-06-13 13:05:28.69258	4	16	120	1
121	No era exactamente como esperaba	2026-06-13 13:05:28.708257	3	16	121	7
122	Relación calidad-precio aceptable	2026-06-13 13:05:29.923552	4	16	122	13
123	Cumple con lo prometido	2026-06-13 13:05:31.183376	4	17	123	21
124	Buen producto	2026-06-13 13:05:31.213868	5	17	124	8
125	Muy mala experiencia	2026-06-13 13:05:31.237348	1	17	125	10
126	Cumple con lo prometido	2026-06-13 13:05:32.586708	4	17	126	2
127	Cumple con lo prometido	2026-06-13 13:05:33.813534	4	17	127	10
128	El producto dejó de funcionar al poco tiempo	2026-06-13 13:05:35.045063	2	17	128	11
129	Relación calidad-precio aceptable	2026-06-13 13:05:35.071043	4	17	129	20
130	El producto dejó de funcionar al poco tiempo	2026-06-13 13:05:35.089431	2	18	130	2
131	Llegó rápido y en buen estado	2026-06-13 13:05:36.350675	5	18	131	3
132	La calidad es excelente	2026-06-13 13:05:36.379167	5	18	132	6
133	No era exactamente como esperaba	2026-06-13 13:05:37.425052	3	18	133	22
134	La calidad es excelente	2026-06-13 13:05:37.43919	5	18	134	7
135	Cumple con lo prometido	2026-06-13 13:05:37.450047	4	18	135	10
136	El producto dejó de funcionar al poco tiempo	2026-06-13 13:05:37.461948	2	18	136	14
137	No era exactamente como esperaba	2026-06-13 13:05:38.842006	3	18	137	19
138	El producto dejó de funcionar al poco tiempo	2026-06-13 13:05:38.873505	2	18	138	3
139	Buen producto	2026-06-13 13:05:40.266026	5	18	139	21
140	Cumple con lo prometido	2026-06-13 13:05:40.292567	4	18	140	5
141	Relación calidad-precio aceptable	2026-06-13 13:05:40.317234	4	19	141	4
142	Muy mala experiencia	2026-06-13 13:05:40.337604	1	19	142	11
143	Relación calidad-precio aceptable	2026-06-13 13:05:40.36123	4	19	143	14
144	El producto dejó de funcionar al poco tiempo	2026-06-13 13:05:40.3842	2	19	144	12
145	La calidad es excelente	2026-06-13 13:05:42.010194	5	19	145	6
146	Cumple con lo prometido	2026-06-13 13:05:42.033648	4	19	146	9
147	No era exactamente como esperaba	2026-06-13 13:05:42.051228	3	19	147	11
148	Llegó rápido y en buen estado	2026-06-13 13:05:42.070123	5	19	148	20
149	Cumple con lo prometido	2026-06-13 13:05:43.848441	4	19	149	11
150	No era exactamente como esperaba	2026-06-13 13:05:43.873008	3	19	150	5
151	Llegó rápido y en buen estado	2026-06-13 13:05:43.891305	5	19	151	7
152	El producto dejó de funcionar al poco tiempo	2026-06-13 13:05:43.909828	2	19	152	13
153	Buen producto	2026-06-13 13:05:45.186371	5	20	153	4
154	Buen producto	2026-06-13 13:05:45.200278	5	20	154	22
155	La calidad es excelente	2026-06-13 13:05:45.213187	5	20	155	12
156	La calidad es excelente	2026-06-13 13:05:45.223226	5	20	156	22
157	Relación calidad-precio aceptable	2026-06-13 13:05:46.412066	4	20	157	13
158	Buen producto	2026-06-13 13:05:47.842985	5	20	158	14
159	El producto dejó de funcionar al poco tiempo	2026-06-13 13:05:49.071332	2	20	159	17
160	Llegó rápido y en buen estado	2026-06-13 13:05:50.199813	5	20	160	4
161	La calidad es excelente	2026-06-13 13:05:50.224287	5	20	161	9
162	Muy mala experiencia	2026-06-13 13:05:51.741236	1	20	162	14
163	Relación calidad-precio aceptable	2026-06-13 13:05:51.760135	4	20	163	17
164	Relación calidad-precio aceptable	2026-06-13 13:05:53.175483	4	20	164	18
165	Relación calidad-precio aceptable	2026-06-13 13:05:53.198747	4	20	165	12
166	Cumple con lo prometido	2026-06-13 13:05:54.502845	4	20	166	1
167	Muy mala experiencia	2026-06-13 13:05:54.524963	1	20	167	23
168	Llegó rápido y en buen estado	2026-06-13 13:05:54.546047	5	20	168	10
169	Buen producto	2026-06-13 13:05:54.556775	5	20	169	15
170	Buen producto	2026-06-13 13:05:55.624683	5	20	170	3
171	No era exactamente como esperaba	2026-06-13 13:05:57.386441	3	20	171	18
172	El producto dejó de funcionar al poco tiempo	2026-06-13 13:05:57.414122	2	20	172	19
173	El producto dejó de funcionar al poco tiempo	2026-06-13 13:05:57.432342	2	20	173	12
175	No era exactamente como esperaba	2026-06-13 13:05:57.461752	3	20	175	19
176	La calidad es excelente	2026-06-13 13:05:59.278211	5	20	176	23
177	No era exactamente como esperaba	2026-06-13 13:06:00.539738	3	20	177	17
178	Relación calidad-precio aceptable	2026-06-13 13:06:01.767979	4	20	178	1
181	Llegó rápido y en buen estado	2026-06-13 13:06:04.252037	5	20	181	10
182	El producto dejó de funcionar al poco tiempo	2026-06-13 13:06:05.227354	2	21	182	1
183	El producto dejó de funcionar al poco tiempo	2026-06-13 13:06:06.274468	2	21	183	9
185	Cumple con lo prometido	2026-06-13 13:06:08.519302	4	21	185	8
186	El producto dejó de funcionar al poco tiempo	2026-06-13 13:06:08.544464	2	21	186	4
187	Cumple con lo prometido	2026-06-13 13:06:09.654382	4	21	187	21
188	Relación calidad-precio aceptable	2026-06-13 13:06:09.676223	4	21	188	7
190	No era exactamente como esperaba	2026-06-13 13:06:10.575899	3	21	190	14
191	Buen producto	2026-06-13 13:06:10.602491	5	21	191	7
192	Llegó rápido y en buen estado	2026-06-13 13:06:11.70157	5	22	192	16
193	Muy mala experiencia	2026-06-13 13:06:12.957117	1	22	193	19
195	No era exactamente como esperaba	2026-06-13 13:06:14.365104	3	22	195	5
196	La calidad es excelente	2026-06-13 13:06:14.382135	5	22	196	3
197	El producto dejó de funcionar al poco tiempo	2026-06-13 13:06:14.394653	2	22	197	6
198	Buen producto	2026-06-13 13:06:14.407941	5	22	198	20
174	El producto dejó de funcionar al poco tiempo	2026-06-13 13:05:57.44851	2	20	174	1
179	Muy mala experiencia	2026-06-13 13:06:02.792797	1	20	179	20
180	Llegó rápido y en buen estado	2026-06-13 13:06:04.226402	5	20	180	9
184	Buen producto	2026-06-13 13:06:07.529465	5	21	184	19
189	Muy mala experiencia	2026-06-13 13:06:09.693533	1	21	189	2
194	Llegó rápido y en buen estado	2026-06-13 13:06:12.979593	5	22	194	4
199	Buen producto	2026-06-13 13:06:15.799873	5	22	199	6
200	El producto dejó de funcionar al poco tiempo	2026-06-13 13:06:15.829265	2	22	200	14
201	Buen producto	2026-06-13 13:06:17.262455	5	22	201	5
202	Llegó rápido y en buen estado	2026-06-13 13:06:17.288533	5	22	202	11
203	Cumple con lo prometido	2026-06-13 13:06:17.309599	4	22	203	14
204	Relación calidad-precio aceptable	2026-06-13 13:06:17.33157	4	22	204	23
205	Llegó rápido y en buen estado	2026-06-13 13:06:17.351678	5	22	205	1
206	La calidad es excelente	2026-06-13 13:06:18.460262	5	22	206	13
207	La calidad es excelente	2026-06-13 13:06:18.485299	5	22	207	2
208	Buen producto	2026-06-13 13:06:19.690159	5	22	208	9
209	La calidad es excelente	2026-06-13 13:06:21.020081	5	22	209	11
210	El producto dejó de funcionar al poco tiempo	2026-06-13 13:06:21.044159	2	22	210	11
211	No era exactamente como esperaba	2026-06-13 13:06:22.453616	3	22	211	9
212	Muy mala experiencia	2026-06-13 13:06:22.467716	1	23	212	14
213	Muy mala experiencia	2026-06-13 13:06:24.09324	1	23	213	15
214	El producto dejó de funcionar al poco tiempo	2026-06-13 13:06:24.118596	2	23	214	12
215	Muy mala experiencia	2026-06-13 13:06:24.139064	1	23	215	19
216	No era exactamente como esperaba	2026-06-13 13:06:24.157259	3	23	216	20
217	Cumple con lo prometido	2026-06-13 13:06:25.359408	4	23	217	9
218	Cumple con lo prometido	2026-06-13 13:06:25.378959	4	23	218	5
219	Relación calidad-precio aceptable	2026-06-13 13:06:25.393867	4	24	219	6
220	Muy mala experiencia	2026-06-13 13:06:25.405119	1	24	220	16
221	No era exactamente como esperaba	2026-06-13 13:06:26.961233	3	24	221	8
222	Cumple con lo prometido	2026-06-13 13:06:26.980307	4	24	222	18
223	Buen producto	2026-06-13 13:06:27.884063	5	24	223	21
224	Relación calidad-precio aceptable	2026-06-13 13:06:27.909028	4	24	224	22
225	Muy mala experiencia	2026-06-13 13:06:29.008986	1	24	225	8
226	Llegó rápido y en buen estado	2026-06-13 13:06:30.5434	5	24	226	20
227	Relación calidad-precio aceptable	2026-06-13 13:06:30.563698	4	24	227	6
228	El producto dejó de funcionar al poco tiempo	2026-06-13 13:06:31.389688	2	25	228	23
229	Relación calidad-precio aceptable	2026-06-13 13:06:31.414223	4	25	229	17
230	Cumple con lo prometido	2026-06-13 13:06:32.898931	4	25	230	20
231	Cumple con lo prometido	2026-06-13 13:06:32.923762	4	25	231	21
232	No era exactamente como esperaba	2026-06-13 13:06:32.942627	3	25	232	13
233	Buen producto	2026-06-13 13:06:32.9603	5	25	233	17
234	La calidad es excelente	2026-06-13 13:06:32.977232	5	25	234	21
235	Relación calidad-precio aceptable	2026-06-13 13:06:32.992843	4	25	235	20
236	Llegó rápido y en buen estado	2026-06-13 13:06:33.009451	5	25	236	10
237	El producto dejó de funcionar al poco tiempo	2026-06-13 13:06:34.230075	2	25	237	23
238	Muy mala experiencia	2026-06-13 13:06:34.253779	1	25	238	19
239	Llegó rápido y en buen estado	2026-06-13 13:06:35.562244	5	25	239	5
240	Cumple con lo prometido	2026-06-13 13:06:36.687512	4	25	240	1
241	Buen producto	2026-06-13 13:06:36.707617	5	25	241	4
242	Cumple con lo prometido	2026-06-13 13:06:36.725906	4	25	242	10
243	Muy mala experiencia	2026-06-13 13:06:36.742733	1	25	243	13
244	El producto dejó de funcionar al poco tiempo	2026-06-13 13:06:36.76194	2	25	244	10
245	Llegó rápido y en buen estado	2026-06-13 13:06:38.326679	5	25	245	5
246	No era exactamente como esperaba	2026-06-13 13:06:39.645798	3	25	246	3
247	Buen producto	2026-06-13 13:06:39.669437	5	25	247	4
248	El producto dejó de funcionar al poco tiempo	2026-06-13 13:06:40.886371	2	25	248	21
249	El producto dejó de funcionar al poco tiempo	2026-06-13 13:06:40.910448	2	25	249	4
250	Llegó rápido y en buen estado	2026-06-13 13:06:41.807263	5	25	250	21
\.


--
-- Data for Name: roles; Type: TABLE DATA; Schema: public; Owner: dbuser
--

COPY public.roles (id, role) FROM stdin;
1	ADMIN
2	BUYER
\.


--
-- Data for Name: sub_categories; Type: TABLE DATA; Schema: public; Owner: dbuser
--

COPY public.sub_categories (id, name, category_id) FROM stdin;
1	croquetas	1
2	dispensador	2
3	collar	3
4	mordedor	4
5	cama	5
6	shampoo	2
7	plato	1
8	transportador	6
9	snack	1
10	cepillo	2
11	arena	2
12	rascador	4
13	pelota	4
14	vitamina	7
15	correa	3
16	casa	8
17	bolsa	2
18	fuente	1
\.


--
-- Data for Name: tracking_statuses; Type: TABLE DATA; Schema: public; Owner: dbuser
--

COPY public.tracking_statuses (id, description, "timestamp", title, order_id) FROM stdin;
1	El sistema procesó la compra correctamente.	2026-06-13 18:06:41.835363+00	Compra procesada	1
2	El vendedor está organizando el pedido.	2026-06-13 18:06:41.855435+00	Preparando envío	1
3	El paquete fue enviado hacia el destino.	2026-06-13 18:06:41.866593+00	Enviado	1
4	No se pudo concretar la entrega en el primer intento.	2026-06-13 18:06:41.877482+00	Intento de entrega	1
5	La entrega fue reprogramada para otro día.	2026-06-13 18:06:41.887332+00	Reprogramado	1
6	El sistema procesó la compra correctamente.	2026-06-13 18:06:41.899896+00	Compra procesada	2
7	El vendedor está organizando el pedido.	2026-06-13 18:06:41.913284+00	Preparando envío	2
8	El paquete fue enviado hacia el destino.	2026-06-13 18:06:41.92771+00	Enviado	2
9	No se pudo concretar la entrega en el primer intento.	2026-06-13 18:06:41.940553+00	Intento de entrega	2
10	La entrega fue reprogramada para otro día.	2026-06-13 18:06:41.953608+00	Reprogramado	2
11	El pago fue validado por la plataforma.	2026-06-13 18:06:41.964453+00	Pago aprobado	3
12	El paquete fue embalado correctamente.	2026-06-13 18:06:41.974261+00	Empaque completado	3
13	El envío presenta demoras por alta demanda.	2026-06-13 18:06:41.983076+00	Retraso logístico	3
14	El paquete continúa su recorrido.	2026-06-13 18:06:41.990943+00	En tránsito	3
15	El sistema procesó la compra correctamente.	2026-06-13 18:06:41.997864+00	Compra procesada	4
16	El vendedor está organizando el pedido.	2026-06-13 18:06:42.004294+00	Preparando envío	4
17	El paquete fue enviado hacia el destino.	2026-06-13 18:06:42.011255+00	Enviado	4
18	No se pudo concretar la entrega en el primer intento.	2026-06-13 18:06:42.018694+00	Intento de entrega	4
19	La entrega fue reprogramada para otro día.	2026-06-13 18:06:42.024886+00	Reprogramado	4
20	El vendedor confirmó el pedido.	2026-06-13 18:06:42.034259+00	Pedido confirmado	5
21	Los productos fueron empaquetados.	2026-06-13 18:06:42.047163+00	Empaque completado	5
22	El paquete se dirige a la ciudad de destino.	2026-06-13 18:06:42.058304+00	En tránsito	5
23	La entrega fue cancelada por solicitud del cliente.	2026-06-13 18:06:42.069557+00	Entrega cancelada	5
24	El proceso de devolución del dinero comenzó.	2026-06-13 18:06:42.080219+00	Reembolso iniciado	5
25	El sistema procesó la compra correctamente.	2026-06-13 18:06:42.092166+00	Compra procesada	6
26	El vendedor está organizando el pedido.	2026-06-13 18:06:42.114666+00	Preparando envío	6
27	El paquete fue enviado hacia el destino.	2026-06-13 18:06:42.123831+00	Enviado	6
28	No se pudo concretar la entrega en el primer intento.	2026-06-13 18:06:42.134141+00	Intento de entrega	6
29	La entrega fue reprogramada para otro día.	2026-06-13 18:06:42.150839+00	Reprogramado	6
30	La orden fue recibida por el sistema.	2026-06-13 18:06:42.160917+00	Pedido recibido	7
31	El pedido quedó listo para ser enviado.	2026-06-13 18:06:42.171692+00	Listo para despacho	7
32	La empresa transportista recogió el paquete.	2026-06-13 18:06:42.181214+00	Recogido por courier	7
33	El paquete llegó al centro logístico regional.	2026-06-13 18:06:42.190622+00	Centro de distribución	7
34	La entrega se completó exitosamente.	2026-06-13 18:06:42.202483+00	Entregado	7
35	La orden fue recibida por el sistema.	2026-06-13 18:06:42.21199+00	Pedido recibido	8
36	El pedido quedó listo para ser enviado.	2026-06-13 18:06:42.221509+00	Listo para despacho	8
37	La empresa transportista recogió el paquete.	2026-06-13 18:06:42.232066+00	Recogido por courier	8
38	El paquete llegó al centro logístico regional.	2026-06-13 18:06:42.244344+00	Centro de distribución	8
39	La entrega se completó exitosamente.	2026-06-13 18:06:42.257129+00	Entregado	8
40	El pago fue validado por la plataforma.	2026-06-13 18:06:42.274046+00	Pago aprobado	9
41	El paquete fue embalado correctamente.	2026-06-13 18:06:42.285508+00	Empaque completado	9
42	El envío presenta demoras por alta demanda.	2026-06-13 18:06:42.296718+00	Retraso logístico	9
43	El paquete continúa su recorrido.	2026-06-13 18:06:42.308646+00	En tránsito	9
44	La compra fue registrada exitosamente.	2026-06-13 18:06:42.320151+00	Pedido confirmado	10
45	Los productos están siendo preparados para envío.	2026-06-13 18:06:42.328031+00	Preparando pedido	10
46	El paquete salió del almacén principal.	2026-06-13 18:06:42.338178+00	Enviado	10
47	El pedido se encuentra camino al destino.	2026-06-13 18:06:42.347857+00	En tránsito	10
48	El cliente recibió el pedido correctamente.	2026-06-13 18:06:42.357931+00	Entregado	10
49	El pago fue validado por la plataforma.	2026-06-13 18:06:42.366259+00	Pago aprobado	11
50	El paquete fue embalado correctamente.	2026-06-13 18:06:42.37468+00	Empaque completado	11
51	El envío presenta demoras por alta demanda.	2026-06-13 18:06:42.38262+00	Retraso logístico	11
52	El paquete continúa su recorrido.	2026-06-13 18:06:42.391095+00	En tránsito	11
53	La compra fue registrada exitosamente.	2026-06-13 18:06:42.399624+00	Pedido confirmado	12
54	Los productos están siendo preparados para envío.	2026-06-13 18:06:42.408812+00	Preparando pedido	12
55	El paquete salió del almacén principal.	2026-06-13 18:06:42.417764+00	Enviado	12
56	El pedido se encuentra camino al destino.	2026-06-13 18:06:42.426356+00	En tránsito	12
57	El cliente recibió el pedido correctamente.	2026-06-13 18:06:42.433758+00	Entregado	12
58	El sistema procesó la compra correctamente.	2026-06-13 18:06:42.443558+00	Compra procesada	13
59	El vendedor está organizando el pedido.	2026-06-13 18:06:42.452731+00	Preparando envío	13
60	El paquete fue enviado hacia el destino.	2026-06-13 18:06:42.462934+00	Enviado	13
61	No se pudo concretar la entrega en el primer intento.	2026-06-13 18:06:42.470926+00	Intento de entrega	13
62	La entrega fue reprogramada para otro día.	2026-06-13 18:06:42.481395+00	Reprogramado	13
63	El vendedor confirmó el pedido.	2026-06-13 18:06:42.492938+00	Pedido confirmado	14
64	Los productos fueron empaquetados.	2026-06-13 18:06:42.503349+00	Empaque completado	14
65	El paquete se dirige a la ciudad de destino.	2026-06-13 18:06:42.514396+00	En tránsito	14
66	La entrega fue cancelada por solicitud del cliente.	2026-06-13 18:06:42.526244+00	Entrega cancelada	14
67	El proceso de devolución del dinero comenzó.	2026-06-13 18:06:42.537768+00	Reembolso iniciado	14
68	El sistema procesó la compra correctamente.	2026-06-13 18:06:42.549168+00	Compra procesada	15
69	El vendedor está organizando el pedido.	2026-06-13 18:06:42.558837+00	Preparando envío	15
72	La entrega fue reprogramada para otro día.	2026-06-13 18:06:42.583918+00	Reprogramado	15
73	La orden fue aceptada exitosamente.	2026-06-13 18:06:42.591816+00	Orden confirmada	16
74	Uno de los productos no tiene stock disponible.	2026-06-13 18:06:42.599178+00	Producto agotado	16
77	La compra fue registrada exitosamente.	2026-06-13 18:06:42.628722+00	Pedido confirmado	17
79	El paquete salió del almacén principal.	2026-06-13 18:06:42.64888+00	Enviado	17
82	El sistema procesó la compra correctamente.	2026-06-13 18:06:42.68161+00	Compra procesada	18
84	El paquete fue enviado hacia el destino.	2026-06-13 18:06:42.700459+00	Enviado	18
87	El vendedor confirmó el pedido.	2026-06-13 18:06:42.729638+00	Pedido confirmado	19
89	El paquete se dirige a la ciudad de destino.	2026-06-13 18:06:42.752087+00	En tránsito	19
92	La compra fue registrada exitosamente.	2026-06-13 18:06:42.781521+00	Pedido confirmado	20
94	El paquete salió del almacén principal.	2026-06-13 18:06:42.801616+00	Enviado	20
97	El vendedor confirmó el pedido.	2026-06-13 18:06:42.83135+00	Pedido confirmado	21
99	El paquete se dirige a la ciudad de destino.	2026-06-13 18:06:42.849786+00	En tránsito	21
102	La orden fue aceptada exitosamente.	2026-06-13 18:06:42.881579+00	Orden confirmada	22
104	El almacén está reponiendo el inventario faltante.	2026-06-13 18:06:42.900204+00	Reposición en proceso	22
106	La orden fue aceptada exitosamente.	2026-06-13 18:06:42.920716+00	Orden confirmada	23
107	Uno de los productos no tiene stock disponible.	2026-06-13 18:06:42.930437+00	Producto agotado	23
109	El pedido volvió a preparación.	2026-06-13 18:06:42.952023+00	Preparando pedido	23
110	La orden fue aceptada exitosamente.	2026-06-13 18:06:42.961907+00	Orden confirmada	24
112	El almacén está reponiendo el inventario faltante.	2026-06-13 18:06:42.979138+00	Reposición en proceso	24
117	El paquete llegó al centro logístico regional.	2026-06-13 18:06:43.015897+00	Centro de distribución	25
122	El pedido se encuentra camino al destino.	2026-06-13 18:06:43.053965+00	En tránsito	26
127	El paquete llegó al centro logístico regional.	2026-06-13 18:06:43.108696+00	Centro de distribución	27
132	No se pudo concretar la entrega en el primer intento.	2026-06-13 18:06:43.170453+00	Intento de entrega	28
137	El pedido se encuentra camino al destino.	2026-06-13 18:06:43.215683+00	En tránsito	29
142	No se pudo concretar la entrega en el primer intento.	2026-06-13 18:06:43.260425+00	Intento de entrega	30
147	No se pudo concretar la entrega en el primer intento.	2026-06-13 18:06:43.32218+00	Intento de entrega	31
152	La entrega fue cancelada por solicitud del cliente.	2026-06-13 18:06:43.384718+00	Entrega cancelada	32
157	El paquete llegó al centro logístico regional.	2026-06-13 18:06:43.438146+00	Centro de distribución	33
162	El paquete llegó al centro logístico regional.	2026-06-13 18:06:43.481985+00	Centro de distribución	34
167	El paquete llegó al centro logístico regional.	2026-06-13 18:06:43.531507+00	Centro de distribución	35
172	La entrega fue cancelada por solicitud del cliente.	2026-06-13 18:06:43.583762+00	Entrega cancelada	36
177	La entrega fue cancelada por solicitud del cliente.	2026-06-13 18:06:43.624047+00	Entrega cancelada	37
182	El paquete continúa su recorrido.	2026-06-13 18:06:43.668206+00	En tránsito	38
183	La orden fue recibida por el sistema.	2026-06-13 18:06:43.677451+00	Pedido recibido	39
184	El pedido quedó listo para ser enviado.	2026-06-13 18:06:43.68924+00	Listo para despacho	39
187	La entrega se completó exitosamente.	2026-06-13 18:06:43.715534+00	Entregado	39
188	La compra fue registrada exitosamente.	2026-06-13 18:06:43.725202+00	Pedido confirmado	40
189	Los productos están siendo preparados para envío.	2026-06-13 18:06:43.733309+00	Preparando pedido	40
192	El cliente recibió el pedido correctamente.	2026-06-13 18:06:43.760751+00	Entregado	40
193	El vendedor confirmó el pedido.	2026-06-13 18:06:43.768691+00	Pedido confirmado	41
194	Los productos fueron empaquetados.	2026-06-13 18:06:43.777365+00	Empaque completado	41
197	El proceso de devolución del dinero comenzó.	2026-06-13 18:06:43.803132+00	Reembolso iniciado	41
198	La orden fue recibida por el sistema.	2026-06-13 18:06:43.809109+00	Pedido recibido	42
199	El pedido quedó listo para ser enviado.	2026-06-13 18:06:43.818465+00	Listo para despacho	42
202	La entrega se completó exitosamente.	2026-06-13 18:06:43.843662+00	Entregado	42
203	La compra fue registrada exitosamente.	2026-06-13 18:06:43.852391+00	Pedido confirmado	43
204	Los productos están siendo preparados para envío.	2026-06-13 18:06:43.860565+00	Preparando pedido	43
207	El cliente recibió el pedido correctamente.	2026-06-13 18:06:43.884501+00	Entregado	43
208	La compra fue registrada exitosamente.	2026-06-13 18:06:43.893643+00	Pedido confirmado	44
209	Los productos están siendo preparados para envío.	2026-06-13 18:06:43.905002+00	Preparando pedido	44
212	El cliente recibió el pedido correctamente.	2026-06-13 18:06:43.937119+00	Entregado	44
213	La compra fue registrada exitosamente.	2026-06-13 18:06:43.947349+00	Pedido confirmado	45
214	Los productos están siendo preparados para envío.	2026-06-13 18:06:43.957212+00	Preparando pedido	45
217	El cliente recibió el pedido correctamente.	2026-06-13 18:06:43.996029+00	Entregado	45
218	La compra fue registrada exitosamente.	2026-06-13 18:06:44.005449+00	Pedido confirmado	46
219	Los productos están siendo preparados para envío.	2026-06-13 18:06:44.012671+00	Preparando pedido	46
222	El cliente recibió el pedido correctamente.	2026-06-13 18:06:44.041403+00	Entregado	46
223	La compra fue registrada exitosamente.	2026-06-13 18:06:44.050501+00	Pedido confirmado	47
224	Los productos están siendo preparados para envío.	2026-06-13 18:06:44.058043+00	Preparando pedido	47
227	El cliente recibió el pedido correctamente.	2026-06-13 18:06:44.081291+00	Entregado	47
228	La orden fue aceptada exitosamente.	2026-06-13 18:06:44.089576+00	Orden confirmada	48
229	Uno de los productos no tiene stock disponible.	2026-06-13 18:06:44.097921+00	Producto agotado	48
232	La compra fue registrada exitosamente.	2026-06-13 18:06:44.130763+00	Pedido confirmado	49
234	El paquete salió del almacén principal.	2026-06-13 18:06:44.14793+00	Enviado	49
237	El sistema procesó la compra correctamente.	2026-06-13 18:06:44.187091+00	Compra procesada	50
70	El paquete fue enviado hacia el destino.	2026-06-13 18:06:42.567629+00	Enviado	15
71	No se pudo concretar la entrega en el primer intento.	2026-06-13 18:06:42.576209+00	Intento de entrega	15
75	El almacén está reponiendo el inventario faltante.	2026-06-13 18:06:42.607482+00	Reposición en proceso	16
76	El pedido volvió a preparación.	2026-06-13 18:06:42.617987+00	Preparando pedido	16
78	Los productos están siendo preparados para envío.	2026-06-13 18:06:42.638519+00	Preparando pedido	17
80	El pedido se encuentra camino al destino.	2026-06-13 18:06:42.662774+00	En tránsito	17
81	El cliente recibió el pedido correctamente.	2026-06-13 18:06:42.671451+00	Entregado	17
83	El vendedor está organizando el pedido.	2026-06-13 18:06:42.690598+00	Preparando envío	18
85	No se pudo concretar la entrega en el primer intento.	2026-06-13 18:06:42.709266+00	Intento de entrega	18
86	La entrega fue reprogramada para otro día.	2026-06-13 18:06:42.719482+00	Reprogramado	18
88	Los productos fueron empaquetados.	2026-06-13 18:06:42.740517+00	Empaque completado	19
90	La entrega fue cancelada por solicitud del cliente.	2026-06-13 18:06:42.762651+00	Entrega cancelada	19
91	El proceso de devolución del dinero comenzó.	2026-06-13 18:06:42.772083+00	Reembolso iniciado	19
93	Los productos están siendo preparados para envío.	2026-06-13 18:06:42.790507+00	Preparando pedido	20
95	El pedido se encuentra camino al destino.	2026-06-13 18:06:42.810341+00	En tránsito	20
96	El cliente recibió el pedido correctamente.	2026-06-13 18:06:42.821265+00	Entregado	20
98	Los productos fueron empaquetados.	2026-06-13 18:06:42.840379+00	Empaque completado	21
100	La entrega fue cancelada por solicitud del cliente.	2026-06-13 18:06:42.858558+00	Entrega cancelada	21
101	El proceso de devolución del dinero comenzó.	2026-06-13 18:06:42.869805+00	Reembolso iniciado	21
103	Uno de los productos no tiene stock disponible.	2026-06-13 18:06:42.891664+00	Producto agotado	22
105	El pedido volvió a preparación.	2026-06-13 18:06:42.911779+00	Preparando pedido	22
108	El almacén está reponiendo el inventario faltante.	2026-06-13 18:06:42.940734+00	Reposición en proceso	23
111	Uno de los productos no tiene stock disponible.	2026-06-13 18:06:42.972133+00	Producto agotado	24
113	El pedido volvió a preparación.	2026-06-13 18:06:42.986079+00	Preparando pedido	24
114	La orden fue recibida por el sistema.	2026-06-13 18:06:42.993518+00	Pedido recibido	25
115	El pedido quedó listo para ser enviado.	2026-06-13 18:06:42.99972+00	Listo para despacho	25
116	La empresa transportista recogió el paquete.	2026-06-13 18:06:43.007948+00	Recogido por courier	25
118	La entrega se completó exitosamente.	2026-06-13 18:06:43.024531+00	Entregado	25
119	La compra fue registrada exitosamente.	2026-06-13 18:06:43.031407+00	Pedido confirmado	26
120	Los productos están siendo preparados para envío.	2026-06-13 18:06:43.0401+00	Preparando pedido	26
121	El paquete salió del almacén principal.	2026-06-13 18:06:43.046652+00	Enviado	26
123	El cliente recibió el pedido correctamente.	2026-06-13 18:06:43.065031+00	Entregado	26
124	La orden fue recibida por el sistema.	2026-06-13 18:06:43.075269+00	Pedido recibido	27
125	El pedido quedó listo para ser enviado.	2026-06-13 18:06:43.086108+00	Listo para despacho	27
126	La empresa transportista recogió el paquete.	2026-06-13 18:06:43.097495+00	Recogido por courier	27
128	La entrega se completó exitosamente.	2026-06-13 18:06:43.121055+00	Entregado	27
129	El sistema procesó la compra correctamente.	2026-06-13 18:06:43.133524+00	Compra procesada	28
130	El vendedor está organizando el pedido.	2026-06-13 18:06:43.147475+00	Preparando envío	28
131	El paquete fue enviado hacia el destino.	2026-06-13 18:06:43.158273+00	Enviado	28
133	La entrega fue reprogramada para otro día.	2026-06-13 18:06:43.181123+00	Reprogramado	28
134	La compra fue registrada exitosamente.	2026-06-13 18:06:43.192591+00	Pedido confirmado	29
135	Los productos están siendo preparados para envío.	2026-06-13 18:06:43.20078+00	Preparando pedido	29
136	El paquete salió del almacén principal.	2026-06-13 18:06:43.208365+00	Enviado	29
138	El cliente recibió el pedido correctamente.	2026-06-13 18:06:43.224709+00	Entregado	29
139	El sistema procesó la compra correctamente.	2026-06-13 18:06:43.233446+00	Compra procesada	30
140	El vendedor está organizando el pedido.	2026-06-13 18:06:43.241865+00	Preparando envío	30
141	El paquete fue enviado hacia el destino.	2026-06-13 18:06:43.251237+00	Enviado	30
143	La entrega fue reprogramada para otro día.	2026-06-13 18:06:43.273595+00	Reprogramado	30
144	El sistema procesó la compra correctamente.	2026-06-13 18:06:43.288607+00	Compra procesada	31
145	El vendedor está organizando el pedido.	2026-06-13 18:06:43.300842+00	Preparando envío	31
146	El paquete fue enviado hacia el destino.	2026-06-13 18:06:43.312135+00	Enviado	31
148	La entrega fue reprogramada para otro día.	2026-06-13 18:06:43.333445+00	Reprogramado	31
149	El vendedor confirmó el pedido.	2026-06-13 18:06:43.348097+00	Pedido confirmado	32
150	Los productos fueron empaquetados.	2026-06-13 18:06:43.361909+00	Empaque completado	32
151	El paquete se dirige a la ciudad de destino.	2026-06-13 18:06:43.373801+00	En tránsito	32
153	El proceso de devolución del dinero comenzó.	2026-06-13 18:06:43.395402+00	Reembolso iniciado	32
154	La orden fue recibida por el sistema.	2026-06-13 18:06:43.404566+00	Pedido recibido	33
155	El pedido quedó listo para ser enviado.	2026-06-13 18:06:43.415051+00	Listo para despacho	33
156	La empresa transportista recogió el paquete.	2026-06-13 18:06:43.425839+00	Recogido por courier	33
158	La entrega se completó exitosamente.	2026-06-13 18:06:43.446897+00	Entregado	33
159	La orden fue recibida por el sistema.	2026-06-13 18:06:43.454501+00	Pedido recibido	34
160	El pedido quedó listo para ser enviado.	2026-06-13 18:06:43.463272+00	Listo para despacho	34
161	La empresa transportista recogió el paquete.	2026-06-13 18:06:43.471156+00	Recogido por courier	34
163	La entrega se completó exitosamente.	2026-06-13 18:06:43.490214+00	Entregado	34
164	La orden fue recibida por el sistema.	2026-06-13 18:06:43.499135+00	Pedido recibido	35
165	El pedido quedó listo para ser enviado.	2026-06-13 18:06:43.509714+00	Listo para despacho	35
166	La empresa transportista recogió el paquete.	2026-06-13 18:06:43.520692+00	Recogido por courier	35
168	La entrega se completó exitosamente.	2026-06-13 18:06:43.541615+00	Entregado	35
169	El vendedor confirmó el pedido.	2026-06-13 18:06:43.553847+00	Pedido confirmado	36
170	Los productos fueron empaquetados.	2026-06-13 18:06:43.563685+00	Empaque completado	36
171	El paquete se dirige a la ciudad de destino.	2026-06-13 18:06:43.572914+00	En tránsito	36
173	El proceso de devolución del dinero comenzó.	2026-06-13 18:06:43.591027+00	Reembolso iniciado	36
174	El vendedor confirmó el pedido.	2026-06-13 18:06:43.60125+00	Pedido confirmado	37
175	Los productos fueron empaquetados.	2026-06-13 18:06:43.607464+00	Empaque completado	37
176	El paquete se dirige a la ciudad de destino.	2026-06-13 18:06:43.616823+00	En tránsito	37
178	El proceso de devolución del dinero comenzó.	2026-06-13 18:06:43.632682+00	Reembolso iniciado	37
179	El pago fue validado por la plataforma.	2026-06-13 18:06:43.64001+00	Pago aprobado	38
180	El paquete fue embalado correctamente.	2026-06-13 18:06:43.650143+00	Empaque completado	38
181	El envío presenta demoras por alta demanda.	2026-06-13 18:06:43.65911+00	Retraso logístico	38
185	La empresa transportista recogió el paquete.	2026-06-13 18:06:43.698096+00	Recogido por courier	39
186	El paquete llegó al centro logístico regional.	2026-06-13 18:06:43.705981+00	Centro de distribución	39
190	El paquete salió del almacén principal.	2026-06-13 18:06:43.742+00	Enviado	40
191	El pedido se encuentra camino al destino.	2026-06-13 18:06:43.750736+00	En tránsito	40
195	El paquete se dirige a la ciudad de destino.	2026-06-13 18:06:43.786741+00	En tránsito	41
196	La entrega fue cancelada por solicitud del cliente.	2026-06-13 18:06:43.794276+00	Entrega cancelada	41
200	La empresa transportista recogió el paquete.	2026-06-13 18:06:43.82725+00	Recogido por courier	42
201	El paquete llegó al centro logístico regional.	2026-06-13 18:06:43.835935+00	Centro de distribución	42
205	El paquete salió del almacén principal.	2026-06-13 18:06:43.8691+00	Enviado	43
206	El pedido se encuentra camino al destino.	2026-06-13 18:06:43.877341+00	En tránsito	43
210	El paquete salió del almacén principal.	2026-06-13 18:06:43.916917+00	Enviado	44
211	El pedido se encuentra camino al destino.	2026-06-13 18:06:43.925621+00	En tránsito	44
215	El paquete salió del almacén principal.	2026-06-13 18:06:43.968927+00	Enviado	45
216	El pedido se encuentra camino al destino.	2026-06-13 18:06:43.980384+00	En tránsito	45
220	El paquete salió del almacén principal.	2026-06-13 18:06:44.021333+00	Enviado	46
221	El pedido se encuentra camino al destino.	2026-06-13 18:06:44.031228+00	En tránsito	46
225	El paquete salió del almacén principal.	2026-06-13 18:06:44.066366+00	Enviado	47
226	El pedido se encuentra camino al destino.	2026-06-13 18:06:44.073902+00	En tránsito	47
230	El almacén está reponiendo el inventario faltante.	2026-06-13 18:06:44.108308+00	Reposición en proceso	48
231	El pedido volvió a preparación.	2026-06-13 18:06:44.119377+00	Preparando pedido	48
233	Los productos están siendo preparados para envío.	2026-06-13 18:06:44.137859+00	Preparando pedido	49
235	El pedido se encuentra camino al destino.	2026-06-13 18:06:44.160611+00	En tránsito	49
236	El cliente recibió el pedido correctamente.	2026-06-13 18:06:44.174322+00	Entregado	49
238	El vendedor está organizando el pedido.	2026-06-13 18:06:44.199806+00	Preparando envío	50
240	No se pudo concretar la entrega en el primer intento.	2026-06-13 18:06:44.21575+00	Intento de entrega	50
241	La entrega fue reprogramada para otro día.	2026-06-13 18:06:44.222278+00	Reprogramado	50
243	El paquete fue embalado correctamente.	2026-06-13 18:06:44.233271+00	Empaque completado	51
245	El paquete continúa su recorrido.	2026-06-13 18:06:44.24458+00	En tránsito	51
248	El paquete salió del almacén principal.	2026-06-13 18:06:44.260557+00	Enviado	52
250	El cliente recibió el pedido correctamente.	2026-06-13 18:06:44.270708+00	Entregado	52
253	El paquete salió del almacén principal.	2026-06-13 18:06:44.287348+00	Enviado	53
255	El cliente recibió el pedido correctamente.	2026-06-13 18:06:44.298472+00	Entregado	53
258	El envío presenta demoras por alta demanda.	2026-06-13 18:06:44.336366+00	Retraso logístico	54
261	El paquete fue embalado correctamente.	2026-06-13 18:06:44.363188+00	Empaque completado	55
263	El paquete continúa su recorrido.	2026-06-13 18:06:44.378542+00	En tránsito	55
264	La orden fue recibida por el sistema.	2026-06-13 18:06:44.385214+00	Pedido recibido	56
265	El pedido quedó listo para ser enviado.	2026-06-13 18:06:44.39204+00	Listo para despacho	56
266	La empresa transportista recogió el paquete.	2026-06-13 18:06:44.39892+00	Recogido por courier	56
268	La entrega se completó exitosamente.	2026-06-13 18:06:44.411956+00	Entregado	56
269	La orden fue recibida por el sistema.	2026-06-13 18:06:44.417668+00	Pedido recibido	57
270	El pedido quedó listo para ser enviado.	2026-06-13 18:06:44.423238+00	Listo para despacho	57
271	La empresa transportista recogió el paquete.	2026-06-13 18:06:44.427948+00	Recogido por courier	57
273	La entrega se completó exitosamente.	2026-06-13 18:06:44.435421+00	Entregado	57
274	La compra fue registrada exitosamente.	2026-06-13 18:06:44.440461+00	Pedido confirmado	58
275	Los productos están siendo preparados para envío.	2026-06-13 18:06:44.447214+00	Preparando pedido	58
276	El paquete salió del almacén principal.	2026-06-13 18:06:44.456535+00	Enviado	58
278	El cliente recibió el pedido correctamente.	2026-06-13 18:06:44.483988+00	Entregado	58
279	La orden fue aceptada exitosamente.	2026-06-13 18:06:44.490261+00	Orden confirmada	59
280	Uno de los productos no tiene stock disponible.	2026-06-13 18:06:44.495352+00	Producto agotado	59
281	El almacén está reponiendo el inventario faltante.	2026-06-13 18:06:44.501263+00	Reposición en proceso	59
285	La empresa transportista recogió el paquete.	2026-06-13 18:06:44.525457+00	Recogido por courier	60
286	El paquete llegó al centro logístico regional.	2026-06-13 18:06:44.531541+00	Centro de distribución	60
290	El envío presenta demoras por alta demanda.	2026-06-13 18:06:44.558148+00	Retraso logístico	61
291	El paquete continúa su recorrido.	2026-06-13 18:06:44.563828+00	En tránsito	61
293	El paquete fue embalado correctamente.	2026-06-13 18:06:44.57485+00	Empaque completado	62
295	El paquete continúa su recorrido.	2026-06-13 18:06:44.588495+00	En tránsito	62
298	El paquete se dirige a la ciudad de destino.	2026-06-13 18:06:44.607928+00	En tránsito	63
300	El proceso de devolución del dinero comenzó.	2026-06-13 18:06:44.619552+00	Reembolso iniciado	63
239	El paquete fue enviado hacia el destino.	2026-06-13 18:06:44.208017+00	Enviado	50
242	El pago fue validado por la plataforma.	2026-06-13 18:06:44.22852+00	Pago aprobado	51
244	El envío presenta demoras por alta demanda.	2026-06-13 18:06:44.239283+00	Retraso logístico	51
246	La compra fue registrada exitosamente.	2026-06-13 18:06:44.249787+00	Pedido confirmado	52
247	Los productos están siendo preparados para envío.	2026-06-13 18:06:44.254827+00	Preparando pedido	52
249	El pedido se encuentra camino al destino.	2026-06-13 18:06:44.264864+00	En tránsito	52
251	La compra fue registrada exitosamente.	2026-06-13 18:06:44.276992+00	Pedido confirmado	53
252	Los productos están siendo preparados para envío.	2026-06-13 18:06:44.281107+00	Preparando pedido	53
254	El pedido se encuentra camino al destino.	2026-06-13 18:06:44.293366+00	En tránsito	53
256	El pago fue validado por la plataforma.	2026-06-13 18:06:44.310498+00	Pago aprobado	54
257	El paquete fue embalado correctamente.	2026-06-13 18:06:44.325576+00	Empaque completado	54
259	El paquete continúa su recorrido.	2026-06-13 18:06:44.346051+00	En tránsito	54
260	El pago fue validado por la plataforma.	2026-06-13 18:06:44.356271+00	Pago aprobado	55
262	El envío presenta demoras por alta demanda.	2026-06-13 18:06:44.37053+00	Retraso logístico	55
267	El paquete llegó al centro logístico regional.	2026-06-13 18:06:44.406134+00	Centro de distribución	56
272	El paquete llegó al centro logístico regional.	2026-06-13 18:06:44.43234+00	Centro de distribución	57
277	El pedido se encuentra camino al destino.	2026-06-13 18:06:44.46194+00	En tránsito	58
282	El pedido volvió a preparación.	2026-06-13 18:06:44.50689+00	Preparando pedido	59
283	La orden fue recibida por el sistema.	2026-06-13 18:06:44.513039+00	Pedido recibido	60
284	El pedido quedó listo para ser enviado.	2026-06-13 18:06:44.5188+00	Listo para despacho	60
287	La entrega se completó exitosamente.	2026-06-13 18:06:44.537147+00	Entregado	60
288	El pago fue validado por la plataforma.	2026-06-13 18:06:44.544338+00	Pago aprobado	61
289	El paquete fue embalado correctamente.	2026-06-13 18:06:44.550935+00	Empaque completado	61
292	El pago fue validado por la plataforma.	2026-06-13 18:06:44.569608+00	Pago aprobado	62
294	El envío presenta demoras por alta demanda.	2026-06-13 18:06:44.58141+00	Retraso logístico	62
296	El vendedor confirmó el pedido.	2026-06-13 18:06:44.59503+00	Pedido confirmado	63
297	Los productos fueron empaquetados.	2026-06-13 18:06:44.601439+00	Empaque completado	63
299	La entrega fue cancelada por solicitud del cliente.	2026-06-13 18:06:44.614285+00	Entrega cancelada	63
301	El sistema procesó la compra correctamente.	2026-06-13 18:06:44.624805+00	Compra procesada	64
302	El vendedor está organizando el pedido.	2026-06-13 18:06:44.629973+00	Preparando envío	64
304	No se pudo concretar la entrega en el primer intento.	2026-06-13 18:06:44.641361+00	Intento de entrega	64
306	El sistema procesó la compra correctamente.	2026-06-13 18:06:44.652745+00	Compra procesada	65
307	El vendedor está organizando el pedido.	2026-06-13 18:06:44.657816+00	Preparando envío	65
309	No se pudo concretar la entrega en el primer intento.	2026-06-13 18:06:44.669046+00	Intento de entrega	65
311	La orden fue recibida por el sistema.	2026-06-13 18:06:44.680965+00	Pedido recibido	66
312	El pedido quedó listo para ser enviado.	2026-06-13 18:06:44.686906+00	Listo para despacho	66
314	El paquete llegó al centro logístico regional.	2026-06-13 18:06:44.698588+00	Centro de distribución	66
316	El pago fue validado por la plataforma.	2026-06-13 18:06:44.711355+00	Pago aprobado	67
317	El paquete fue embalado correctamente.	2026-06-13 18:06:44.720059+00	Empaque completado	67
319	El paquete continúa su recorrido.	2026-06-13 18:06:44.736504+00	En tránsito	67
321	Uno de los productos no tiene stock disponible.	2026-06-13 18:06:44.753426+00	Producto agotado	68
322	El almacén está reponiendo el inventario faltante.	2026-06-13 18:06:44.762543+00	Reposición en proceso	68
326	El almacén está reponiendo el inventario faltante.	2026-06-13 18:06:44.799472+00	Reposición en proceso	69
327	El pedido volvió a preparación.	2026-06-13 18:06:44.808087+00	Preparando pedido	69
328	El sistema procesó la compra correctamente.	2026-06-13 18:06:44.816895+00	Compra procesada	70
329	El vendedor está organizando el pedido.	2026-06-13 18:06:44.823735+00	Preparando envío	70
331	No se pudo concretar la entrega en el primer intento.	2026-06-13 18:06:44.836072+00	Intento de entrega	70
332	La entrega fue reprogramada para otro día.	2026-06-13 18:06:44.84223+00	Reprogramado	70
333	El vendedor confirmó el pedido.	2026-06-13 18:06:44.848051+00	Pedido confirmado	71
334	Los productos fueron empaquetados.	2026-06-13 18:06:44.854055+00	Empaque completado	71
336	La entrega fue cancelada por solicitud del cliente.	2026-06-13 18:06:44.865023+00	Entrega cancelada	71
337	El proceso de devolución del dinero comenzó.	2026-06-13 18:06:44.871417+00	Reembolso iniciado	71
338	La orden fue recibida por el sistema.	2026-06-13 18:06:44.878067+00	Pedido recibido	72
339	El pedido quedó listo para ser enviado.	2026-06-13 18:06:44.884867+00	Listo para despacho	72
341	El paquete llegó al centro logístico regional.	2026-06-13 18:06:44.896134+00	Centro de distribución	72
342	La entrega se completó exitosamente.	2026-06-13 18:06:44.902835+00	Entregado	72
343	La orden fue recibida por el sistema.	2026-06-13 18:06:44.909002+00	Pedido recibido	73
344	El pedido quedó listo para ser enviado.	2026-06-13 18:06:44.913704+00	Listo para despacho	73
346	El paquete llegó al centro logístico regional.	2026-06-13 18:06:44.926488+00	Centro de distribución	73
347	La entrega se completó exitosamente.	2026-06-13 18:06:44.934399+00	Entregado	73
348	El pago fue validado por la plataforma.	2026-06-13 18:06:44.941143+00	Pago aprobado	74
349	El paquete fue embalado correctamente.	2026-06-13 18:06:44.947899+00	Empaque completado	74
351	El paquete continúa su recorrido.	2026-06-13 18:06:44.962955+00	En tránsito	74
352	La compra fue registrada exitosamente.	2026-06-13 18:06:44.972337+00	Pedido confirmado	75
354	El paquete salió del almacén principal.	2026-06-13 18:06:44.989873+00	Enviado	75
356	El cliente recibió el pedido correctamente.	2026-06-13 18:06:45.005779+00	Entregado	75
357	La orden fue recibida por el sistema.	2026-06-13 18:06:45.013902+00	Pedido recibido	76
359	La empresa transportista recogió el paquete.	2026-06-13 18:06:45.029985+00	Recogido por courier	76
303	El paquete fue enviado hacia el destino.	2026-06-13 18:06:44.635574+00	Enviado	64
305	La entrega fue reprogramada para otro día.	2026-06-13 18:06:44.646558+00	Reprogramado	64
308	El paquete fue enviado hacia el destino.	2026-06-13 18:06:44.663188+00	Enviado	65
310	La entrega fue reprogramada para otro día.	2026-06-13 18:06:44.675592+00	Reprogramado	65
313	La empresa transportista recogió el paquete.	2026-06-13 18:06:44.693339+00	Recogido por courier	66
315	La entrega se completó exitosamente.	2026-06-13 18:06:44.703417+00	Entregado	66
318	El envío presenta demoras por alta demanda.	2026-06-13 18:06:44.728123+00	Retraso logístico	67
320	La orden fue aceptada exitosamente.	2026-06-13 18:06:44.745064+00	Orden confirmada	68
323	El pedido volvió a preparación.	2026-06-13 18:06:44.771065+00	Preparando pedido	68
324	La orden fue aceptada exitosamente.	2026-06-13 18:06:44.780095+00	Orden confirmada	69
325	Uno de los productos no tiene stock disponible.	2026-06-13 18:06:44.789906+00	Producto agotado	69
330	El paquete fue enviado hacia el destino.	2026-06-13 18:06:44.829493+00	Enviado	70
335	El paquete se dirige a la ciudad de destino.	2026-06-13 18:06:44.859863+00	En tránsito	71
340	La empresa transportista recogió el paquete.	2026-06-13 18:06:44.891122+00	Recogido por courier	72
345	La empresa transportista recogió el paquete.	2026-06-13 18:06:44.91965+00	Recogido por courier	73
350	El envío presenta demoras por alta demanda.	2026-06-13 18:06:44.953971+00	Retraso logístico	74
353	Los productos están siendo preparados para envío.	2026-06-13 18:06:44.981058+00	Preparando pedido	75
355	El pedido se encuentra camino al destino.	2026-06-13 18:06:44.996788+00	En tránsito	75
358	El pedido quedó listo para ser enviado.	2026-06-13 18:06:45.021129+00	Listo para despacho	76
360	El paquete llegó al centro logístico regional.	2026-06-13 18:06:45.03787+00	Centro de distribución	76
363	Uno de los productos no tiene stock disponible.	2026-06-13 18:06:45.058619+00	Producto agotado	77
365	El pedido volvió a preparación.	2026-06-13 18:06:45.071203+00	Preparando pedido	77
368	La empresa transportista recogió el paquete.	2026-06-13 18:06:45.091054+00	Recogido por courier	78
370	La entrega se completó exitosamente.	2026-06-13 18:06:45.102678+00	Entregado	78
373	El almacén está reponiendo el inventario faltante.	2026-06-13 18:06:45.122+00	Reposición en proceso	79
375	La orden fue recibida por el sistema.	2026-06-13 18:06:45.139039+00	Pedido recibido	80
378	El paquete llegó al centro logístico regional.	2026-06-13 18:06:45.166059+00	Centro de distribución	80
380	La orden fue aceptada exitosamente.	2026-06-13 18:06:45.194231+00	Orden confirmada	81
383	El pedido volvió a preparación.	2026-06-13 18:06:45.231274+00	Preparando pedido	81
384	La orden fue recibida por el sistema.	2026-06-13 18:06:45.241503+00	Pedido recibido	82
385	El pedido quedó listo para ser enviado.	2026-06-13 18:06:45.250432+00	Listo para despacho	82
388	La entrega se completó exitosamente.	2026-06-13 18:06:45.275542+00	Entregado	82
389	El sistema procesó la compra correctamente.	2026-06-13 18:06:45.287281+00	Compra procesada	83
390	El vendedor está organizando el pedido.	2026-06-13 18:06:45.295709+00	Preparando envío	83
393	La entrega fue reprogramada para otro día.	2026-06-13 18:06:45.321359+00	Reprogramado	83
394	El pago fue validado por la plataforma.	2026-06-13 18:06:45.332415+00	Pago aprobado	84
395	El paquete fue embalado correctamente.	2026-06-13 18:06:45.34271+00	Empaque completado	84
400	El envío presenta demoras por alta demanda.	2026-06-13 18:06:45.397217+00	Retraso logístico	85
403	Los productos están siendo preparados para envío.	2026-06-13 18:06:45.418528+00	Preparando pedido	86
405	El pedido se encuentra camino al destino.	2026-06-13 18:06:45.432195+00	En tránsito	86
408	El paquete fue embalado correctamente.	2026-06-13 18:06:45.449345+00	Empaque completado	87
410	El paquete continúa su recorrido.	2026-06-13 18:06:45.463466+00	En tránsito	87
413	El almacén está reponiendo el inventario faltante.	2026-06-13 18:06:45.478148+00	Reposición en proceso	88
415	El pago fue validado por la plataforma.	2026-06-13 18:06:45.487871+00	Pago aprobado	89
418	El paquete continúa su recorrido.	2026-06-13 18:06:45.502682+00	En tránsito	89
419	La compra fue registrada exitosamente.	2026-06-13 18:06:45.506065+00	Pedido confirmado	90
420	Los productos están siendo preparados para envío.	2026-06-13 18:06:45.50936+00	Preparando pedido	90
423	El cliente recibió el pedido correctamente.	2026-06-13 18:06:45.523426+00	Entregado	90
424	La orden fue aceptada exitosamente.	2026-06-13 18:06:45.527015+00	Orden confirmada	91
425	Uno de los productos no tiene stock disponible.	2026-06-13 18:06:45.533427+00	Producto agotado	91
430	El almacén está reponiendo el inventario faltante.	2026-06-13 18:06:45.569678+00	Reposición en proceso	92
433	El vendedor está organizando el pedido.	2026-06-13 18:06:45.592548+00	Preparando envío	93
435	No se pudo concretar la entrega en el primer intento.	2026-06-13 18:06:45.60857+00	Intento de entrega	93
438	Los productos fueron empaquetados.	2026-06-13 18:06:45.628573+00	Empaque completado	94
440	La entrega fue cancelada por solicitud del cliente.	2026-06-13 18:06:45.641217+00	Entrega cancelada	94
443	Los productos fueron empaquetados.	2026-06-13 18:06:45.659073+00	Empaque completado	95
445	La entrega fue cancelada por solicitud del cliente.	2026-06-13 18:06:45.669118+00	Entrega cancelada	95
448	El paquete fue embalado correctamente.	2026-06-13 18:06:45.682662+00	Empaque completado	96
450	El paquete continúa su recorrido.	2026-06-13 18:06:45.694216+00	En tránsito	96
453	El paquete se dirige a la ciudad de destino.	2026-06-13 18:06:45.71065+00	En tránsito	97
455	El proceso de devolución del dinero comenzó.	2026-06-13 18:06:45.719814+00	Reembolso iniciado	97
458	El paquete salió del almacén principal.	2026-06-13 18:06:45.736876+00	Enviado	98
460	El cliente recibió el pedido correctamente.	2026-06-13 18:06:45.753079+00	Entregado	98
463	El paquete fue enviado hacia el destino.	2026-06-13 18:06:45.780303+00	Enviado	99
465	La entrega fue reprogramada para otro día.	2026-06-13 18:06:45.797057+00	Reprogramado	99
468	La empresa transportista recogió el paquete.	2026-06-13 18:06:45.823939+00	Recogido por courier	100
470	La entrega se completó exitosamente.	2026-06-13 18:06:45.845498+00	Entregado	100
473	El paquete salió del almacén principal.	2026-06-13 18:06:45.871538+00	Enviado	101
361	La entrega se completó exitosamente.	2026-06-13 18:06:45.044665+00	Entregado	76
362	La orden fue aceptada exitosamente.	2026-06-13 18:06:45.052593+00	Orden confirmada	77
364	El almacén está reponiendo el inventario faltante.	2026-06-13 18:06:45.064806+00	Reposición en proceso	77
366	La orden fue recibida por el sistema.	2026-06-13 18:06:45.077984+00	Pedido recibido	78
367	El pedido quedó listo para ser enviado.	2026-06-13 18:06:45.084803+00	Listo para despacho	78
369	El paquete llegó al centro logístico regional.	2026-06-13 18:06:45.096092+00	Centro de distribución	78
371	La orden fue aceptada exitosamente.	2026-06-13 18:06:45.109514+00	Orden confirmada	79
372	Uno de los productos no tiene stock disponible.	2026-06-13 18:06:45.11557+00	Producto agotado	79
374	El pedido volvió a preparación.	2026-06-13 18:06:45.130249+00	Preparando pedido	79
376	El pedido quedó listo para ser enviado.	2026-06-13 18:06:45.148659+00	Listo para despacho	80
377	La empresa transportista recogió el paquete.	2026-06-13 18:06:45.156704+00	Recogido por courier	80
379	La entrega se completó exitosamente.	2026-06-13 18:06:45.179914+00	Entregado	80
381	Uno de los productos no tiene stock disponible.	2026-06-13 18:06:45.207374+00	Producto agotado	81
382	El almacén está reponiendo el inventario faltante.	2026-06-13 18:06:45.22044+00	Reposición en proceso	81
386	La empresa transportista recogió el paquete.	2026-06-13 18:06:45.258162+00	Recogido por courier	82
387	El paquete llegó al centro logístico regional.	2026-06-13 18:06:45.267137+00	Centro de distribución	82
391	El paquete fue enviado hacia el destino.	2026-06-13 18:06:45.303914+00	Enviado	83
392	No se pudo concretar la entrega en el primer intento.	2026-06-13 18:06:45.311963+00	Intento de entrega	83
396	El envío presenta demoras por alta demanda.	2026-06-13 18:06:45.352065+00	Retraso logístico	84
397	El paquete continúa su recorrido.	2026-06-13 18:06:45.36923+00	En tránsito	84
398	El pago fue validado por la plataforma.	2026-06-13 18:06:45.382409+00	Pago aprobado	85
399	El paquete fue embalado correctamente.	2026-06-13 18:06:45.389361+00	Empaque completado	85
401	El paquete continúa su recorrido.	2026-06-13 18:06:45.404291+00	En tránsito	85
402	La compra fue registrada exitosamente.	2026-06-13 18:06:45.411547+00	Pedido confirmado	86
404	El paquete salió del almacén principal.	2026-06-13 18:06:45.424722+00	Enviado	86
406	El cliente recibió el pedido correctamente.	2026-06-13 18:06:45.437958+00	Entregado	86
407	El pago fue validado por la plataforma.	2026-06-13 18:06:45.443467+00	Pago aprobado	87
409	El envío presenta demoras por alta demanda.	2026-06-13 18:06:45.456072+00	Retraso logístico	87
411	La orden fue aceptada exitosamente.	2026-06-13 18:06:45.468406+00	Orden confirmada	88
412	Uno de los productos no tiene stock disponible.	2026-06-13 18:06:45.473429+00	Producto agotado	88
414	El pedido volvió a preparación.	2026-06-13 18:06:45.483089+00	Preparando pedido	88
416	El paquete fue embalado correctamente.	2026-06-13 18:06:45.493221+00	Empaque completado	89
417	El envío presenta demoras por alta demanda.	2026-06-13 18:06:45.498453+00	Retraso logístico	89
421	El paquete salió del almacén principal.	2026-06-13 18:06:45.515063+00	Enviado	90
422	El pedido se encuentra camino al destino.	2026-06-13 18:06:45.519542+00	En tránsito	90
426	El almacén está reponiendo el inventario faltante.	2026-06-13 18:06:45.540857+00	Reposición en proceso	91
427	El pedido volvió a preparación.	2026-06-13 18:06:45.547856+00	Preparando pedido	91
428	La orden fue aceptada exitosamente.	2026-06-13 18:06:45.554796+00	Orden confirmada	92
429	Uno de los productos no tiene stock disponible.	2026-06-13 18:06:45.562638+00	Producto agotado	92
431	El pedido volvió a preparación.	2026-06-13 18:06:45.576808+00	Preparando pedido	92
432	El sistema procesó la compra correctamente.	2026-06-13 18:06:45.58529+00	Compra procesada	93
434	El paquete fue enviado hacia el destino.	2026-06-13 18:06:45.601201+00	Enviado	93
436	La entrega fue reprogramada para otro día.	2026-06-13 18:06:45.615927+00	Reprogramado	93
437	El vendedor confirmó el pedido.	2026-06-13 18:06:45.622312+00	Pedido confirmado	94
439	El paquete se dirige a la ciudad de destino.	2026-06-13 18:06:45.635511+00	En tránsito	94
441	El proceso de devolución del dinero comenzó.	2026-06-13 18:06:45.647232+00	Reembolso iniciado	94
442	El vendedor confirmó el pedido.	2026-06-13 18:06:45.65339+00	Pedido confirmado	95
444	El paquete se dirige a la ciudad de destino.	2026-06-13 18:06:45.664281+00	En tránsito	95
446	El proceso de devolución del dinero comenzó.	2026-06-13 18:06:45.674466+00	Reembolso iniciado	95
447	El pago fue validado por la plataforma.	2026-06-13 18:06:45.679103+00	Pago aprobado	96
449	El envío presenta demoras por alta demanda.	2026-06-13 18:06:45.688265+00	Retraso logístico	96
451	El vendedor confirmó el pedido.	2026-06-13 18:06:45.699265+00	Pedido confirmado	97
452	Los productos fueron empaquetados.	2026-06-13 18:06:45.705499+00	Empaque completado	97
454	La entrega fue cancelada por solicitud del cliente.	2026-06-13 18:06:45.715079+00	Entrega cancelada	97
456	La compra fue registrada exitosamente.	2026-06-13 18:06:45.724833+00	Pedido confirmado	98
457	Los productos están siendo preparados para envío.	2026-06-13 18:06:45.72948+00	Preparando pedido	98
459	El pedido se encuentra camino al destino.	2026-06-13 18:06:45.746019+00	En tránsito	98
461	El sistema procesó la compra correctamente.	2026-06-13 18:06:45.762255+00	Compra procesada	99
462	El vendedor está organizando el pedido.	2026-06-13 18:06:45.769966+00	Preparando envío	99
464	No se pudo concretar la entrega en el primer intento.	2026-06-13 18:06:45.788467+00	Intento de entrega	99
466	La orden fue recibida por el sistema.	2026-06-13 18:06:45.805984+00	Pedido recibido	100
467	El pedido quedó listo para ser enviado.	2026-06-13 18:06:45.814906+00	Listo para despacho	100
469	El paquete llegó al centro logístico regional.	2026-06-13 18:06:45.835828+00	Centro de distribución	100
471	La compra fue registrada exitosamente.	2026-06-13 18:06:45.855848+00	Pedido confirmado	101
472	Los productos están siendo preparados para envío.	2026-06-13 18:06:45.863548+00	Preparando pedido	101
474	El pedido se encuentra camino al destino.	2026-06-13 18:06:45.878446+00	En tránsito	101
476	La orden fue aceptada exitosamente.	2026-06-13 18:06:45.893262+00	Orden confirmada	102
477	Uno de los productos no tiene stock disponible.	2026-06-13 18:06:45.900715+00	Producto agotado	102
475	El cliente recibió el pedido correctamente.	2026-06-13 18:06:45.886091+00	Entregado	101
478	El almacén está reponiendo el inventario faltante.	2026-06-13 18:06:45.909284+00	Reposición en proceso	102
480	La orden fue recibida por el sistema.	2026-06-13 18:06:45.927154+00	Pedido recibido	103
483	El paquete llegó al centro logístico regional.	2026-06-13 18:06:45.954393+00	Centro de distribución	103
485	La orden fue recibida por el sistema.	2026-06-13 18:06:45.972725+00	Pedido recibido	104
488	El paquete llegó al centro logístico regional.	2026-06-13 18:06:46.00654+00	Centro de distribución	104
490	El pago fue validado por la plataforma.	2026-06-13 18:06:46.032481+00	Pago aprobado	105
493	El paquete continúa su recorrido.	2026-06-13 18:06:46.064269+00	En tránsito	105
494	El pago fue validado por la plataforma.	2026-06-13 18:06:46.073942+00	Pago aprobado	106
495	El paquete fue embalado correctamente.	2026-06-13 18:06:46.081565+00	Empaque completado	106
500	El almacén está reponiendo el inventario faltante.	2026-06-13 18:06:46.123362+00	Reposición en proceso	107
503	El paquete fue embalado correctamente.	2026-06-13 18:06:46.150894+00	Empaque completado	108
505	El paquete continúa su recorrido.	2026-06-13 18:06:46.17698+00	En tránsito	108
508	El paquete fue enviado hacia el destino.	2026-06-13 18:06:46.212064+00	Enviado	109
510	La entrega fue reprogramada para otro día.	2026-06-13 18:06:46.23527+00	Reprogramado	109
513	La empresa transportista recogió el paquete.	2026-06-13 18:06:46.26965+00	Recogido por courier	110
515	La entrega se completó exitosamente.	2026-06-13 18:06:46.284649+00	Entregado	110
518	El almacén está reponiendo el inventario faltante.	2026-06-13 18:06:46.304672+00	Reposición en proceso	111
521	El pedido quedó listo para ser enviado.	2026-06-13 18:06:46.324909+00	Listo para despacho	112
523	El paquete llegó al centro logístico regional.	2026-06-13 18:06:46.344121+00	Centro de distribución	112
526	El vendedor está organizando el pedido.	2026-06-13 18:06:46.374929+00	Preparando envío	113
528	No se pudo concretar la entrega en el primer intento.	2026-06-13 18:06:46.392862+00	Intento de entrega	113
531	Los productos fueron empaquetados.	2026-06-13 18:06:46.422156+00	Empaque completado	114
533	La entrega fue cancelada por solicitud del cliente.	2026-06-13 18:06:46.441412+00	Entrega cancelada	114
536	Los productos están siendo preparados para envío.	2026-06-13 18:06:46.46836+00	Preparando pedido	115
538	El pedido se encuentra camino al destino.	2026-06-13 18:06:46.485077+00	En tránsito	115
541	Uno de los productos no tiene stock disponible.	2026-06-13 18:06:46.509413+00	Producto agotado	116
543	El pedido volvió a preparación.	2026-06-13 18:06:46.528764+00	Preparando pedido	116
544	El sistema procesó la compra correctamente.	2026-06-13 18:06:46.537688+00	Compra procesada	117
545	El vendedor está organizando el pedido.	2026-06-13 18:06:46.545514+00	Preparando envío	117
546	El paquete fue enviado hacia el destino.	2026-06-13 18:06:46.552811+00	Enviado	117
548	La entrega fue reprogramada para otro día.	2026-06-13 18:06:46.567228+00	Reprogramado	117
549	El sistema procesó la compra correctamente.	2026-06-13 18:06:46.579093+00	Compra procesada	118
550	El vendedor está organizando el pedido.	2026-06-13 18:06:46.590972+00	Preparando envío	118
551	El paquete fue enviado hacia el destino.	2026-06-13 18:06:46.602003+00	Enviado	118
553	La entrega fue reprogramada para otro día.	2026-06-13 18:06:46.628336+00	Reprogramado	118
554	La orden fue recibida por el sistema.	2026-06-13 18:06:46.640593+00	Pedido recibido	119
555	El pedido quedó listo para ser enviado.	2026-06-13 18:06:46.651207+00	Listo para despacho	119
556	La empresa transportista recogió el paquete.	2026-06-13 18:06:46.664639+00	Recogido por courier	119
558	La entrega se completó exitosamente.	2026-06-13 18:06:46.685779+00	Entregado	119
559	La orden fue aceptada exitosamente.	2026-06-13 18:06:46.693869+00	Orden confirmada	120
560	Uno de los productos no tiene stock disponible.	2026-06-13 18:06:46.701726+00	Producto agotado	120
561	El almacén está reponiendo el inventario faltante.	2026-06-13 18:06:46.709359+00	Reposición en proceso	120
565	El paquete salió del almacén principal.	2026-06-13 18:06:46.73926+00	Enviado	121
566	El pedido se encuentra camino al destino.	2026-06-13 18:06:46.746498+00	En tránsito	121
570	El paquete fue enviado hacia el destino.	2026-06-13 18:06:46.783123+00	Enviado	122
571	No se pudo concretar la entrega en el primer intento.	2026-06-13 18:06:46.797961+00	Intento de entrega	122
575	La empresa transportista recogió el paquete.	2026-06-13 18:06:46.845298+00	Recogido por courier	123
576	El paquete llegó al centro logístico regional.	2026-06-13 18:06:46.854023+00	Centro de distribución	123
580	El envío presenta demoras por alta demanda.	2026-06-13 18:06:46.892942+00	Retraso logístico	124
581	El paquete continúa su recorrido.	2026-06-13 18:06:46.901784+00	En tránsito	124
583	Los productos están siendo preparados para envío.	2026-06-13 18:06:46.917661+00	Preparando pedido	125
585	El pedido se encuentra camino al destino.	2026-06-13 18:06:46.929788+00	En tránsito	125
586	El cliente recibió el pedido correctamente.	2026-06-13 18:06:46.936198+00	Entregado	125
588	El paquete fue embalado correctamente.	2026-06-13 18:06:46.949133+00	Empaque completado	126
590	El paquete continúa su recorrido.	2026-06-13 18:06:46.963838+00	En tránsito	126
593	El paquete se dirige a la ciudad de destino.	2026-06-13 18:06:46.987512+00	En tránsito	127
595	El proceso de devolución del dinero comenzó.	2026-06-13 18:06:47.003453+00	Reembolso iniciado	127
598	El paquete se dirige a la ciudad de destino.	2026-06-13 18:06:47.028874+00	En tránsito	128
600	El proceso de devolución del dinero comenzó.	2026-06-13 18:06:47.044931+00	Reembolso iniciado	128
603	La empresa transportista recogió el paquete.	2026-06-13 18:06:47.068405+00	Recogido por courier	129
605	La entrega se completó exitosamente.	2026-06-13 18:06:47.084877+00	Entregado	129
608	El paquete se dirige a la ciudad de destino.	2026-06-13 18:06:47.106634+00	En tránsito	130
610	El proceso de devolución del dinero comenzó.	2026-06-13 18:06:47.118408+00	Reembolso iniciado	130
613	El paquete se dirige a la ciudad de destino.	2026-06-13 18:06:47.136878+00	En tránsito	131
615	El proceso de devolución del dinero comenzó.	2026-06-13 18:06:47.147895+00	Reembolso iniciado	131
618	El paquete salió del almacén principal.	2026-06-13 18:06:47.168881+00	Enviado	132
620	El cliente recibió el pedido correctamente.	2026-06-13 18:06:47.187175+00	Entregado	132
479	El pedido volvió a preparación.	2026-06-13 18:06:45.918421+00	Preparando pedido	102
481	El pedido quedó listo para ser enviado.	2026-06-13 18:06:45.935974+00	Listo para despacho	103
482	La empresa transportista recogió el paquete.	2026-06-13 18:06:45.946158+00	Recogido por courier	103
484	La entrega se completó exitosamente.	2026-06-13 18:06:45.963907+00	Entregado	103
486	El pedido quedó listo para ser enviado.	2026-06-13 18:06:45.983654+00	Listo para despacho	104
487	La empresa transportista recogió el paquete.	2026-06-13 18:06:45.996074+00	Recogido por courier	104
489	La entrega se completó exitosamente.	2026-06-13 18:06:46.020023+00	Entregado	104
491	El paquete fue embalado correctamente.	2026-06-13 18:06:46.043783+00	Empaque completado	105
492	El envío presenta demoras por alta demanda.	2026-06-13 18:06:46.055732+00	Retraso logístico	105
496	El envío presenta demoras por alta demanda.	2026-06-13 18:06:46.089287+00	Retraso logístico	106
497	El paquete continúa su recorrido.	2026-06-13 18:06:46.099045+00	En tránsito	106
498	La orden fue aceptada exitosamente.	2026-06-13 18:06:46.108329+00	Orden confirmada	107
499	Uno de los productos no tiene stock disponible.	2026-06-13 18:06:46.115237+00	Producto agotado	107
501	El pedido volvió a preparación.	2026-06-13 18:06:46.132869+00	Preparando pedido	107
502	El pago fue validado por la plataforma.	2026-06-13 18:06:46.1432+00	Pago aprobado	108
504	El envío presenta demoras por alta demanda.	2026-06-13 18:06:46.163748+00	Retraso logístico	108
506	El sistema procesó la compra correctamente.	2026-06-13 18:06:46.189344+00	Compra procesada	109
507	El vendedor está organizando el pedido.	2026-06-13 18:06:46.200096+00	Preparando envío	109
509	No se pudo concretar la entrega en el primer intento.	2026-06-13 18:06:46.223455+00	Intento de entrega	109
511	La orden fue recibida por el sistema.	2026-06-13 18:06:46.248865+00	Pedido recibido	110
512	El pedido quedó listo para ser enviado.	2026-06-13 18:06:46.259339+00	Listo para despacho	110
514	El paquete llegó al centro logístico regional.	2026-06-13 18:06:46.277645+00	Centro de distribución	110
516	La orden fue aceptada exitosamente.	2026-06-13 18:06:46.291979+00	Orden confirmada	111
517	Uno de los productos no tiene stock disponible.	2026-06-13 18:06:46.297902+00	Producto agotado	111
519	El pedido volvió a preparación.	2026-06-13 18:06:46.311203+00	Preparando pedido	111
520	La orden fue recibida por el sistema.	2026-06-13 18:06:46.318618+00	Pedido recibido	112
522	La empresa transportista recogió el paquete.	2026-06-13 18:06:46.334385+00	Recogido por courier	112
524	La entrega se completó exitosamente.	2026-06-13 18:06:46.353438+00	Entregado	112
525	El sistema procesó la compra correctamente.	2026-06-13 18:06:46.365146+00	Compra procesada	113
527	El paquete fue enviado hacia el destino.	2026-06-13 18:06:46.384304+00	Enviado	113
529	La entrega fue reprogramada para otro día.	2026-06-13 18:06:46.402238+00	Reprogramado	113
530	El vendedor confirmó el pedido.	2026-06-13 18:06:46.412317+00	Pedido confirmado	114
532	El paquete se dirige a la ciudad de destino.	2026-06-13 18:06:46.431779+00	En tránsito	114
534	El proceso de devolución del dinero comenzó.	2026-06-13 18:06:46.45064+00	Reembolso iniciado	114
535	La compra fue registrada exitosamente.	2026-06-13 18:06:46.459798+00	Pedido confirmado	115
537	El paquete salió del almacén principal.	2026-06-13 18:06:46.476647+00	Enviado	115
539	El cliente recibió el pedido correctamente.	2026-06-13 18:06:46.492625+00	Entregado	115
540	La orden fue aceptada exitosamente.	2026-06-13 18:06:46.501222+00	Orden confirmada	116
542	El almacén está reponiendo el inventario faltante.	2026-06-13 18:06:46.519785+00	Reposición en proceso	116
547	No se pudo concretar la entrega en el primer intento.	2026-06-13 18:06:46.559333+00	Intento de entrega	117
552	No se pudo concretar la entrega en el primer intento.	2026-06-13 18:06:46.61408+00	Intento de entrega	118
557	El paquete llegó al centro logístico regional.	2026-06-13 18:06:46.674864+00	Centro de distribución	119
562	El pedido volvió a preparación.	2026-06-13 18:06:46.716953+00	Preparando pedido	120
563	La compra fue registrada exitosamente.	2026-06-13 18:06:46.725466+00	Pedido confirmado	121
564	Los productos están siendo preparados para envío.	2026-06-13 18:06:46.731517+00	Preparando pedido	121
567	El cliente recibió el pedido correctamente.	2026-06-13 18:06:46.754544+00	Entregado	121
568	El sistema procesó la compra correctamente.	2026-06-13 18:06:46.762341+00	Compra procesada	122
569	El vendedor está organizando el pedido.	2026-06-13 18:06:46.771086+00	Preparando envío	122
572	La entrega fue reprogramada para otro día.	2026-06-13 18:06:46.812388+00	Reprogramado	122
573	La orden fue recibida por el sistema.	2026-06-13 18:06:46.824469+00	Pedido recibido	123
574	El pedido quedó listo para ser enviado.	2026-06-13 18:06:46.835111+00	Listo para despacho	123
577	La entrega se completó exitosamente.	2026-06-13 18:06:46.864002+00	Entregado	123
578	El pago fue validado por la plataforma.	2026-06-13 18:06:46.87459+00	Pago aprobado	124
579	El paquete fue embalado correctamente.	2026-06-13 18:06:46.884245+00	Empaque completado	124
582	La compra fue registrada exitosamente.	2026-06-13 18:06:46.91038+00	Pedido confirmado	125
584	El paquete salió del almacén principal.	2026-06-13 18:06:46.923486+00	Enviado	125
587	El pago fue validado por la plataforma.	2026-06-13 18:06:46.943145+00	Pago aprobado	126
589	El envío presenta demoras por alta demanda.	2026-06-13 18:06:46.956177+00	Retraso logístico	126
591	El vendedor confirmó el pedido.	2026-06-13 18:06:46.971696+00	Pedido confirmado	127
592	Los productos fueron empaquetados.	2026-06-13 18:06:46.979728+00	Empaque completado	127
594	La entrega fue cancelada por solicitud del cliente.	2026-06-13 18:06:46.995586+00	Entrega cancelada	127
596	El vendedor confirmó el pedido.	2026-06-13 18:06:47.011718+00	Pedido confirmado	128
597	Los productos fueron empaquetados.	2026-06-13 18:06:47.019975+00	Empaque completado	128
599	La entrega fue cancelada por solicitud del cliente.	2026-06-13 18:06:47.035733+00	Entrega cancelada	128
601	La orden fue recibida por el sistema.	2026-06-13 18:06:47.052191+00	Pedido recibido	129
602	El pedido quedó listo para ser enviado.	2026-06-13 18:06:47.058826+00	Listo para despacho	129
604	El paquete llegó al centro logístico regional.	2026-06-13 18:06:47.077402+00	Centro de distribución	129
606	El vendedor confirmó el pedido.	2026-06-13 18:06:47.091832+00	Pedido confirmado	130
607	Los productos fueron empaquetados.	2026-06-13 18:06:47.099532+00	Empaque completado	130
609	La entrega fue cancelada por solicitud del cliente.	2026-06-13 18:06:47.112734+00	Entrega cancelada	130
611	El vendedor confirmó el pedido.	2026-06-13 18:06:47.12478+00	Pedido confirmado	131
612	Los productos fueron empaquetados.	2026-06-13 18:06:47.13099+00	Empaque completado	131
614	La entrega fue cancelada por solicitud del cliente.	2026-06-13 18:06:47.142173+00	Entrega cancelada	131
616	La compra fue registrada exitosamente.	2026-06-13 18:06:47.154712+00	Pedido confirmado	132
617	Los productos están siendo preparados para envío.	2026-06-13 18:06:47.161221+00	Preparando pedido	132
619	El pedido se encuentra camino al destino.	2026-06-13 18:06:47.176314+00	En tránsito	132
621	El vendedor confirmó el pedido.	2026-06-13 18:06:47.199114+00	Pedido confirmado	133
622	Los productos fueron empaquetados.	2026-06-13 18:06:47.210478+00	Empaque completado	133
624	La entrega fue cancelada por solicitud del cliente.	2026-06-13 18:06:47.235371+00	Entrega cancelada	133
626	El pago fue validado por la plataforma.	2026-06-13 18:06:47.259992+00	Pago aprobado	134
627	El paquete fue embalado correctamente.	2026-06-13 18:06:47.270176+00	Empaque completado	134
629	El paquete continúa su recorrido.	2026-06-13 18:06:47.287897+00	En tránsito	134
631	Los productos fueron empaquetados.	2026-06-13 18:06:47.305319+00	Empaque completado	135
632	El paquete se dirige a la ciudad de destino.	2026-06-13 18:06:47.313022+00	En tránsito	135
634	El proceso de devolución del dinero comenzó.	2026-06-13 18:06:47.32392+00	Reembolso iniciado	135
636	El vendedor está organizando el pedido.	2026-06-13 18:06:47.338003+00	Preparando envío	136
637	El paquete fue enviado hacia el destino.	2026-06-13 18:06:47.344849+00	Enviado	136
639	La entrega fue reprogramada para otro día.	2026-06-13 18:06:47.359221+00	Reprogramado	136
641	Uno de los productos no tiene stock disponible.	2026-06-13 18:06:47.37494+00	Producto agotado	137
642	El almacén está reponiendo el inventario faltante.	2026-06-13 18:06:47.380913+00	Reposición en proceso	137
646	La empresa transportista recogió el paquete.	2026-06-13 18:06:47.409317+00	Recogido por courier	138
647	El paquete llegó al centro logístico regional.	2026-06-13 18:06:47.416167+00	Centro de distribución	138
651	El paquete fue enviado hacia el destino.	2026-06-13 18:06:47.44767+00	Enviado	139
652	No se pudo concretar la entrega en el primer intento.	2026-06-13 18:06:47.455603+00	Intento de entrega	139
623	El paquete se dirige a la ciudad de destino.	2026-06-13 18:06:47.222427+00	En tránsito	133
625	El proceso de devolución del dinero comenzó.	2026-06-13 18:06:47.247327+00	Reembolso iniciado	133
628	El envío presenta demoras por alta demanda.	2026-06-13 18:06:47.27921+00	Retraso logístico	134
630	El vendedor confirmó el pedido.	2026-06-13 18:06:47.296839+00	Pedido confirmado	135
633	La entrega fue cancelada por solicitud del cliente.	2026-06-13 18:06:47.31879+00	Entrega cancelada	135
635	El sistema procesó la compra correctamente.	2026-06-13 18:06:47.331954+00	Compra procesada	136
638	No se pudo concretar la entrega en el primer intento.	2026-06-13 18:06:47.35211+00	Intento de entrega	136
640	La orden fue aceptada exitosamente.	2026-06-13 18:06:47.36745+00	Orden confirmada	137
643	El pedido volvió a preparación.	2026-06-13 18:06:47.387598+00	Preparando pedido	137
644	La orden fue recibida por el sistema.	2026-06-13 18:06:47.39557+00	Pedido recibido	138
645	El pedido quedó listo para ser enviado.	2026-06-13 18:06:47.402055+00	Listo para despacho	138
648	La entrega se completó exitosamente.	2026-06-13 18:06:47.423523+00	Entregado	138
649	El sistema procesó la compra correctamente.	2026-06-13 18:06:47.431228+00	Compra procesada	139
650	El vendedor está organizando el pedido.	2026-06-13 18:06:47.439374+00	Preparando envío	139
653	La entrega fue reprogramada para otro día.	2026-06-13 18:06:47.463194+00	Reprogramado	139
\.


--
-- Data for Name: users; Type: TABLE DATA; Schema: public; Owner: dbuser
--

COPY public.users (id, dni_number, first_name, last_name, password, username, role_id) FROM stdin;
1	88697867	Juan	Admin	$2a$10$xOSwTNnRbbUfrOPHlhgqh.zRUzvgY5JrjhiQQoxSJL1l.iaZnT6d.	admin1	1
2	12345678	Ana	Admin	$2a$10$GLORzmS0iATQq3V6TLAjgeBaaEUPzZMEommbUQY/jSDeUn/grCNQe	admin2	1
3	98765432	Maria	Admin	$2a$10$oiSWpIUwFpK7uAzm2DTiZujt0K5Y8JNkxCAOfvviRLiNHGvP4ifqC	admin3	1
4	11111111	Luis	Admin	$2a$10$eJkmI8A2W2YtzOXbkiWPRuF4FcJS2dBb0TGwDZKHp/QIgQAdBd1Ha	admin4	1
5	22222222	Carlos	Admin	$2a$10$2lR0IKZAKLboooCi3M/PsuYkuH3F5djIK/6fxloJ5WqBaQyeUYUOS	admin5	1
6	33333333	Pedro	Admin	$2a$10$93Mp2vPSPRb4KaWFytIvY.A6E2tmyIsdjSI3I/vAXcokZlhEVtr6i	admin6	1
7	44444444	Jose	Admin	$2a$10$9Z8M8g0oGGtrvZgOSqQsLOUWFOSimIkeATPUFv6FoQRtZy/Ko2TeK	admin7	1
8	55555555	Fernando	Admin	$2a$10$9WaJWPJCHCcQOFdiPbEn7.N6pl/SFHg6LxqIO9lyrPMHMNsuxKofS	admin8	1
9	66666666	Daniel	Admin	$2a$10$61UOx/Akn3T02BrlQKYNtOVi5FjSbMU4AdLMTFo8/Cg9JAum6tHqi	admin9	1
10	77777777	Isabella	Admin	$2a$10$dvFd6NF.pbsKRTgrsV26He7gSpB0X415n0pXmruHwm8P7DTXGsnrW	admin10	1
11	12367823	Andrea	Buyer	$2a$10$6pC8P8CJXoUH9ns2vs4kKeSCYgtwpBSrh8S3wl63l5hywbyRGLVMO	buyer1	2
12	48572930	Ariel	Buyer	$2a$10$F.SDor/UqO0OFrAHHXli4O08hWljds5tKfPNG4uskU9F2qc3f/N6C	buyer2	2
13	39940392	Samuel	Buyer	$2a$10$ugc8g0esD0wi0cHq6LP29uXIDpwm/3oncJCeKvtrhAunPNjH/IULi	buyer3	2
14	39485043	Gabriel	Buyer	$2a$10$Rl7XAbiEsT1QzqZJK8o3rOvDdPDtCDTGFhM2uwkV7Fan7L/nMT/VC	buyer4	2
15	04958374	Tomas	Buyer	$2a$10$FprK0jexXANu/yuYXOjjseL8udnhT7EcxA/mW1gf28MT4fikAnnO.	buyer5	2
16	75894058	Bruno	Buyer	$2a$10$1HLc7UmaZBBRcVj3UpMFiuSZtyxvZN1eY3iWJwl/G3Y9ALJSEMY26	buyer6	2
17	95837489	Adrian	Buyer	$2a$10$z6.tYwIwk8ZLg32AOTCgkO6QQURjW3ghqa5xvwExpHY0C9bBsbR7C	buyer7	2
18	87462932	Elena	Buyer	$2a$10$2HmdVwaqAdFxboZhBX5Tg.EZfIW3wtMFIUPwoowDa.oeXK.zVyDmq	buyer8	2
19	94856152	Victoria	Buyer	$2a$10$bTFM8NxIL0RA/IydhfcFZ.M5BflWjhPvbkB2kRIDKp/NgeDznEQOK	buyer9	2
20	13849248	Claudia	Buyer	$2a$10$nEDe3nVz/nKfl.MWzp7ixeOmx6NN.V1UumV/HJwywAnBZfKu5xd0i	buyer10	2
21	03942739	Natalia	Buyer	$2a$10$bLzVEJA3zy3lL4cg6d3.mOGfr6nz/LzT7F0be/nq0/3n4S7O/dYeu	buyer11	2
22	94726372	Emilia	Buyer	$2a$10$sTFVV6KL/bU5Z5Bx36aHs.Aj05lFfyQ2pzwfA.dF.lt9q9X/Vctx.	buyer12	2
23	74857945	Paula	Buyer	$2a$10$jxi0lVfHOXZNicLlDE/5duWg.YELWyBQEsd0Zm/Wqr6jXEaxoGzLa	buyer13	2
24	83749203	Sam	Buyer	$2a$10$JUVvODuup5xfur.Rz6ci4uIe8FhOy3d3KQrQ4eSQymB2cP4CEtMhW	buyer14	2
25	88372832	Noel	Buyer	$2a$10$tMzPam8QP0xhroUm8.QLdukXO9ArHXkNGM77mEaPx8M5HGgNiYzru	buyer15	2
\.


--
-- Name: addresses_seq; Type: SEQUENCE SET; Schema: public; Owner: dbuser
--

SELECT pg_catalog.setval('public.addresses_seq', 1, false);


--
-- Name: brands_seq; Type: SEQUENCE SET; Schema: public; Owner: dbuser
--

SELECT pg_catalog.setval('public.brands_seq', 51, true);


--
-- Name: buyer_images_id_seq; Type: SEQUENCE SET; Schema: public; Owner: dbuser
--

SELECT pg_catalog.setval('public.buyer_images_id_seq', 1, false);


--
-- Name: cards_id_seq; Type: SEQUENCE SET; Schema: public; Owner: dbuser
--

SELECT pg_catalog.setval('public.cards_id_seq', 1, false);


--
-- Name: categories_seq; Type: SEQUENCE SET; Schema: public; Owner: dbuser
--

SELECT pg_catalog.setval('public.categories_seq', 51, true);


--
-- Name: claims_id_seq; Type: SEQUENCE SET; Schema: public; Owner: dbuser
--

SELECT pg_catalog.setval('public.claims_id_seq', 250, true);


--
-- Name: details_id_seq; Type: SEQUENCE SET; Schema: public; Owner: dbuser
--

SELECT pg_catalog.setval('public.details_id_seq', 250, true);


--
-- Name: messages_id_seq; Type: SEQUENCE SET; Schema: public; Owner: dbuser
--

SELECT pg_catalog.setval('public.messages_id_seq', 117, true);


--
-- Name: orders_id_seq; Type: SEQUENCE SET; Schema: public; Owner: dbuser
--

SELECT pg_catalog.setval('public.orders_id_seq', 139, true);


--
-- Name: password_reset_tokens_seq; Type: SEQUENCE SET; Schema: public; Owner: dbuser
--

SELECT pg_catalog.setval('public.password_reset_tokens_seq', 1, false);


--
-- Name: product_images_seq; Type: SEQUENCE SET; Schema: public; Owner: dbuser
--

SELECT pg_catalog.setval('public.product_images_seq', 101, true);


--
-- Name: products_seq; Type: SEQUENCE SET; Schema: public; Owner: dbuser
--

SELECT pg_catalog.setval('public.products_seq', 51, true);


--
-- Name: review_images_id_seq; Type: SEQUENCE SET; Schema: public; Owner: dbuser
--

SELECT pg_catalog.setval('public.review_images_id_seq', 120, true);


--
-- Name: reviews_id_seq; Type: SEQUENCE SET; Schema: public; Owner: dbuser
--

SELECT pg_catalog.setval('public.reviews_id_seq', 250, true);


--
-- Name: roles_seq; Type: SEQUENCE SET; Schema: public; Owner: dbuser
--

SELECT pg_catalog.setval('public.roles_seq', 51, true);


--
-- Name: sub_categories_seq; Type: SEQUENCE SET; Schema: public; Owner: dbuser
--

SELECT pg_catalog.setval('public.sub_categories_seq', 51, true);


--
-- Name: tracking_statuses_id_seq; Type: SEQUENCE SET; Schema: public; Owner: dbuser
--

SELECT pg_catalog.setval('public.tracking_statuses_id_seq', 653, true);


--
-- Name: users_seq; Type: SEQUENCE SET; Schema: public; Owner: dbuser
--

SELECT pg_catalog.setval('public.users_seq', 51, true);


--
-- Name: addresses addresses_pkey; Type: CONSTRAINT; Schema: public; Owner: dbuser
--

ALTER TABLE ONLY public.addresses
    ADD CONSTRAINT addresses_pkey PRIMARY KEY (id);


--
-- Name: admins admins_pkey; Type: CONSTRAINT; Schema: public; Owner: dbuser
--

ALTER TABLE ONLY public.admins
    ADD CONSTRAINT admins_pkey PRIMARY KEY (id);


--
-- Name: brands brands_pkey; Type: CONSTRAINT; Schema: public; Owner: dbuser
--

ALTER TABLE ONLY public.brands
    ADD CONSTRAINT brands_pkey PRIMARY KEY (id);


--
-- Name: buyer_images buyer_images_pkey; Type: CONSTRAINT; Schema: public; Owner: dbuser
--

ALTER TABLE ONLY public.buyer_images
    ADD CONSTRAINT buyer_images_pkey PRIMARY KEY (id);


--
-- Name: buyers buyers_pkey; Type: CONSTRAINT; Schema: public; Owner: dbuser
--

ALTER TABLE ONLY public.buyers
    ADD CONSTRAINT buyers_pkey PRIMARY KEY (id);


--
-- Name: cards cards_pkey; Type: CONSTRAINT; Schema: public; Owner: dbuser
--

ALTER TABLE ONLY public.cards
    ADD CONSTRAINT cards_pkey PRIMARY KEY (id);


--
-- Name: categories categories_pkey; Type: CONSTRAINT; Schema: public; Owner: dbuser
--

ALTER TABLE ONLY public.categories
    ADD CONSTRAINT categories_pkey PRIMARY KEY (id);


--
-- Name: claims claims_pkey; Type: CONSTRAINT; Schema: public; Owner: dbuser
--

ALTER TABLE ONLY public.claims
    ADD CONSTRAINT claims_pkey PRIMARY KEY (id);


--
-- Name: details details_pkey; Type: CONSTRAINT; Schema: public; Owner: dbuser
--

ALTER TABLE ONLY public.details
    ADD CONSTRAINT details_pkey PRIMARY KEY (id);


--
-- Name: messages messages_pkey; Type: CONSTRAINT; Schema: public; Owner: dbuser
--

ALTER TABLE ONLY public.messages
    ADD CONSTRAINT messages_pkey PRIMARY KEY (id);


--
-- Name: orders orders_pkey; Type: CONSTRAINT; Schema: public; Owner: dbuser
--

ALTER TABLE ONLY public.orders
    ADD CONSTRAINT orders_pkey PRIMARY KEY (id);


--
-- Name: password_reset_tokens password_reset_tokens_pkey; Type: CONSTRAINT; Schema: public; Owner: dbuser
--

ALTER TABLE ONLY public.password_reset_tokens
    ADD CONSTRAINT password_reset_tokens_pkey PRIMARY KEY (id);


--
-- Name: product_images product_images_pkey; Type: CONSTRAINT; Schema: public; Owner: dbuser
--

ALTER TABLE ONLY public.product_images
    ADD CONSTRAINT product_images_pkey PRIMARY KEY (id);


--
-- Name: products products_pkey; Type: CONSTRAINT; Schema: public; Owner: dbuser
--

ALTER TABLE ONLY public.products
    ADD CONSTRAINT products_pkey PRIMARY KEY (id);


--
-- Name: review_images review_images_pkey; Type: CONSTRAINT; Schema: public; Owner: dbuser
--

ALTER TABLE ONLY public.review_images
    ADD CONSTRAINT review_images_pkey PRIMARY KEY (id);


--
-- Name: reviews reviews_pkey; Type: CONSTRAINT; Schema: public; Owner: dbuser
--

ALTER TABLE ONLY public.reviews
    ADD CONSTRAINT reviews_pkey PRIMARY KEY (id);


--
-- Name: roles roles_pkey; Type: CONSTRAINT; Schema: public; Owner: dbuser
--

ALTER TABLE ONLY public.roles
    ADD CONSTRAINT roles_pkey PRIMARY KEY (id);


--
-- Name: sub_categories sub_categories_pkey; Type: CONSTRAINT; Schema: public; Owner: dbuser
--

ALTER TABLE ONLY public.sub_categories
    ADD CONSTRAINT sub_categories_pkey PRIMARY KEY (id);


--
-- Name: tracking_statuses tracking_statuses_pkey; Type: CONSTRAINT; Schema: public; Owner: dbuser
--

ALTER TABLE ONLY public.tracking_statuses
    ADD CONSTRAINT tracking_statuses_pkey PRIMARY KEY (id);


--
-- Name: users uk3uhhdl7r5iq2gcp7v9pit59yg; Type: CONSTRAINT; Schema: public; Owner: dbuser
--

ALTER TABLE ONLY public.users
    ADD CONSTRAINT uk3uhhdl7r5iq2gcp7v9pit59yg UNIQUE (dni_number);


--
-- Name: sub_categories uk5m83dk3c53lrusxi146xmlv6; Type: CONSTRAINT; Schema: public; Owner: dbuser
--

ALTER TABLE ONLY public.sub_categories
    ADD CONSTRAINT uk5m83dk3c53lrusxi146xmlv6 UNIQUE (name);


--
-- Name: products uk5ms64jouoqnpeg4gqoupu0mcm; Type: CONSTRAINT; Schema: public; Owner: dbuser
--

ALTER TABLE ONLY public.products
    ADD CONSTRAINT uk5ms64jouoqnpeg4gqoupu0mcm UNIQUE (share_code);


--
-- Name: orders uk8g2mgwcissw06kc3w5dtay7yr; Type: CONSTRAINT; Schema: public; Owner: dbuser
--

ALTER TABLE ONLY public.orders
    ADD CONSTRAINT uk8g2mgwcissw06kc3w5dtay7yr UNIQUE (tracking_code);


--
-- Name: buyer_images uk8nw0ye02ctx5kn475h2c5jsmd; Type: CONSTRAINT; Schema: public; Owner: dbuser
--

ALTER TABLE ONLY public.buyer_images
    ADD CONSTRAINT uk8nw0ye02ctx5kn475h2c5jsmd UNIQUE (buyer_id);


--
-- Name: claims ukgmu13iaksee3rlue2s68igyol; Type: CONSTRAINT; Schema: public; Owner: dbuser
--

ALTER TABLE ONLY public.claims
    ADD CONSTRAINT ukgmu13iaksee3rlue2s68igyol UNIQUE (detail_id);


--
-- Name: buyers ukobmo4k2bx8hrb8vadwx85lo1q; Type: CONSTRAINT; Schema: public; Owner: dbuser
--

ALTER TABLE ONLY public.buyers
    ADD CONSTRAINT ukobmo4k2bx8hrb8vadwx85lo1q UNIQUE (email);


--
-- Name: users ukr43af9ap4edm43mmtq01oddj6; Type: CONSTRAINT; Schema: public; Owner: dbuser
--

ALTER TABLE ONLY public.users
    ADD CONSTRAINT ukr43af9ap4edm43mmtq01oddj6 UNIQUE (username);


--
-- Name: categories ukt8o6pivur7nn124jehx7cygw5; Type: CONSTRAINT; Schema: public; Owner: dbuser
--

ALTER TABLE ONLY public.categories
    ADD CONSTRAINT ukt8o6pivur7nn124jehx7cygw5 UNIQUE (name);


--
-- Name: users users_pkey; Type: CONSTRAINT; Schema: public; Owner: dbuser
--

ALTER TABLE ONLY public.users
    ADD CONSTRAINT users_pkey PRIMARY KEY (id);


--
-- Name: review_images fk3aayo5bjciyemf3bvvt987hkr; Type: FK CONSTRAINT; Schema: public; Owner: dbuser
--

ALTER TABLE ONLY public.review_images
    ADD CONSTRAINT fk3aayo5bjciyemf3bvvt987hkr FOREIGN KEY (review_id) REFERENCES public.reviews(id);


--
-- Name: details fk3oshn7thwwqgkukfv7m2k3whm; Type: FK CONSTRAINT; Schema: public; Owner: dbuser
--

ALTER TABLE ONLY public.details
    ADD CONSTRAINT fk3oshn7thwwqgkukfv7m2k3whm FOREIGN KEY (order_id) REFERENCES public.orders(id);


--
-- Name: cards fk4srmsl5h9kmpyser9f7f4yiax; Type: FK CONSTRAINT; Schema: public; Owner: dbuser
--

ALTER TABLE ONLY public.cards
    ADD CONSTRAINT fk4srmsl5h9kmpyser9f7f4yiax FOREIGN KEY (buyer_id) REFERENCES public.buyers(id);


--
-- Name: messages fk4ui4nnwntodh6wjvck53dbk9m; Type: FK CONSTRAINT; Schema: public; Owner: dbuser
--

ALTER TABLE ONLY public.messages
    ADD CONSTRAINT fk4ui4nnwntodh6wjvck53dbk9m FOREIGN KEY (sender_id) REFERENCES public.users(id);


--
-- Name: claims fk5t66ihwl2cs948rxhln4icux8; Type: FK CONSTRAINT; Schema: public; Owner: dbuser
--

ALTER TABLE ONLY public.claims
    ADD CONSTRAINT fk5t66ihwl2cs948rxhln4icux8 FOREIGN KEY (admin_id) REFERENCES public.admins(id);


--
-- Name: claims fk8yb9r07ewahoeg5d1opbr1gke; Type: FK CONSTRAINT; Schema: public; Owner: dbuser
--

ALTER TABLE ONLY public.claims
    ADD CONSTRAINT fk8yb9r07ewahoeg5d1opbr1gke FOREIGN KEY (buyer_id) REFERENCES public.buyers(id);


--
-- Name: products fka3a4mpsfdf4d2y6r8ra3sc8mv; Type: FK CONSTRAINT; Schema: public; Owner: dbuser
--

ALTER TABLE ONLY public.products
    ADD CONSTRAINT fka3a4mpsfdf4d2y6r8ra3sc8mv FOREIGN KEY (brand_id) REFERENCES public.brands(id);


--
-- Name: messages fka5iw4jit5cr4ldycb9uhhkg8; Type: FK CONSTRAINT; Schema: public; Owner: dbuser
--

ALTER TABLE ONLY public.messages
    ADD CONSTRAINT fka5iw4jit5cr4ldycb9uhhkg8 FOREIGN KEY (claim_id) REFERENCES public.claims(id);


--
-- Name: admins fkanhsicqm3lc8ya77tr7r0je18; Type: FK CONSTRAINT; Schema: public; Owner: dbuser
--

ALTER TABLE ONLY public.admins
    ADD CONSTRAINT fkanhsicqm3lc8ya77tr7r0je18 FOREIGN KEY (id) REFERENCES public.users(id);


--
-- Name: reviews fkbr0m0ev9biboo0wq8naahgyby; Type: FK CONSTRAINT; Schema: public; Owner: dbuser
--

ALTER TABLE ONLY public.reviews
    ADD CONSTRAINT fkbr0m0ev9biboo0wq8naahgyby FOREIGN KEY (detail_id) REFERENCES public.details(id);


--
-- Name: buyers fkeqo804gckipyco760ma4w3lva; Type: FK CONSTRAINT; Schema: public; Owner: dbuser
--

ALTER TABLE ONLY public.buyers
    ADD CONSTRAINT fkeqo804gckipyco760ma4w3lva FOREIGN KEY (id) REFERENCES public.users(id);


--
-- Name: products fkjnxmh4yun5vdrlotun2woo4fq; Type: FK CONSTRAINT; Schema: public; Owner: dbuser
--

ALTER TABLE ONLY public.products
    ADD CONSTRAINT fkjnxmh4yun5vdrlotun2woo4fq FOREIGN KEY (admin_id) REFERENCES public.admins(id);


--
-- Name: sub_categories fkjwy7imy3rf6r99x48ydq45otw; Type: FK CONSTRAINT; Schema: public; Owner: dbuser
--

ALTER TABLE ONLY public.sub_categories
    ADD CONSTRAINT fkjwy7imy3rf6r99x48ydq45otw FOREIGN KEY (category_id) REFERENCES public.categories(id);


--
-- Name: claims fkk0cp0xk3odfc861i4ygd5ywvt; Type: FK CONSTRAINT; Schema: public; Owner: dbuser
--

ALTER TABLE ONLY public.claims
    ADD CONSTRAINT fkk0cp0xk3odfc861i4ygd5ywvt FOREIGN KEY (detail_id) REFERENCES public.details(id);


--
-- Name: password_reset_tokens fkk3ndxg5xp6v7wd4gjyusp15gq; Type: FK CONSTRAINT; Schema: public; Owner: dbuser
--

ALTER TABLE ONLY public.password_reset_tokens
    ADD CONSTRAINT fkk3ndxg5xp6v7wd4gjyusp15gq FOREIGN KEY (user_id) REFERENCES public.users(id);


--
-- Name: orders fkm64p5iuhw3kaqel7x21pskgjr; Type: FK CONSTRAINT; Schema: public; Owner: dbuser
--

ALTER TABLE ONLY public.orders
    ADD CONSTRAINT fkm64p5iuhw3kaqel7x21pskgjr FOREIGN KEY (buyer_id) REFERENCES public.buyers(id);


--
-- Name: details fknmftg37pm9em8m65cycy70hcq; Type: FK CONSTRAINT; Schema: public; Owner: dbuser
--

ALTER TABLE ONLY public.details
    ADD CONSTRAINT fknmftg37pm9em8m65cycy70hcq FOREIGN KEY (product_id) REFERENCES public.products(id);


--
-- Name: products fkno5p9kcr384tg56cbk8l9l6h2; Type: FK CONSTRAINT; Schema: public; Owner: dbuser
--

ALTER TABLE ONLY public.products
    ADD CONSTRAINT fkno5p9kcr384tg56cbk8l9l6h2 FOREIGN KEY (sub_category_id) REFERENCES public.sub_categories(id);


--
-- Name: buyer_images fknv11slhw4sx4yrb73x54tkvqk; Type: FK CONSTRAINT; Schema: public; Owner: dbuser
--

ALTER TABLE ONLY public.buyer_images
    ADD CONSTRAINT fknv11slhw4sx4yrb73x54tkvqk FOREIGN KEY (buyer_id) REFERENCES public.buyers(id);


--
-- Name: products fkog2rp4qthbtt2lfyhfo32lsw9; Type: FK CONSTRAINT; Schema: public; Owner: dbuser
--

ALTER TABLE ONLY public.products
    ADD CONSTRAINT fkog2rp4qthbtt2lfyhfo32lsw9 FOREIGN KEY (category_id) REFERENCES public.categories(id);


--
-- Name: addresses fkp2p0gwrvy9h6kd3m9yn8338f; Type: FK CONSTRAINT; Schema: public; Owner: dbuser
--

ALTER TABLE ONLY public.addresses
    ADD CONSTRAINT fkp2p0gwrvy9h6kd3m9yn8338f FOREIGN KEY (buyer_id) REFERENCES public.buyers(id);


--
-- Name: users fkp56c1712k691lhsyewcssf40f; Type: FK CONSTRAINT; Schema: public; Owner: dbuser
--

ALTER TABLE ONLY public.users
    ADD CONSTRAINT fkp56c1712k691lhsyewcssf40f FOREIGN KEY (role_id) REFERENCES public.roles(id);


--
-- Name: reviews fkpl51cejpw4gy5swfar8br9ngi; Type: FK CONSTRAINT; Schema: public; Owner: dbuser
--

ALTER TABLE ONLY public.reviews
    ADD CONSTRAINT fkpl51cejpw4gy5swfar8br9ngi FOREIGN KEY (product_id) REFERENCES public.products(id);


--
-- Name: reviews fkqnai7a002aaapaafhxds7b6v5; Type: FK CONSTRAINT; Schema: public; Owner: dbuser
--

ALTER TABLE ONLY public.reviews
    ADD CONSTRAINT fkqnai7a002aaapaafhxds7b6v5 FOREIGN KEY (buyer_id) REFERENCES public.buyers(id);


--
-- Name: product_images fkqnq71xsohugpqwf3c9gxmsuy; Type: FK CONSTRAINT; Schema: public; Owner: dbuser
--

ALTER TABLE ONLY public.product_images
    ADD CONSTRAINT fkqnq71xsohugpqwf3c9gxmsuy FOREIGN KEY (product_id) REFERENCES public.products(id);


--
-- Name: tracking_statuses fktnjq7l9gywom4jkp3cujlliu6; Type: FK CONSTRAINT; Schema: public; Owner: dbuser
--

ALTER TABLE ONLY public.tracking_statuses
    ADD CONSTRAINT fktnjq7l9gywom4jkp3cujlliu6 FOREIGN KEY (order_id) REFERENCES public.orders(id);


--
-- PostgreSQL database dump complete
--

\unrestrict 2xl3wYDRaCKtowo3oKInAtuy3VgXR1oHgRxMhpxFhBHBlSQGfDPdbUGNPA1ySHG

